Title,Tag(s),Template,Image,Post URL
A Unique Process,"Hook, Carousel, How I, Case Study","How I turned my [owned asset] into a [valuable asset] 

[impressive results]",https://framerusercontent.com/images/aC5iF50tREpNAed3mwyEEVM0E.png,https://www.linkedin.com/posts/laraacostar_turn-your-linkedin-into-a-landing-page-101-activity-7056251005855756288-SUpB?utm_source=share&utm_medium=member_desktop
Challenging Assumptions,"Hook, Carousel, Contrarian Statement, Aspirational",Why great [professionals] must be [counterintuitive quality],https://framerusercontent.com/images/9azdymXDkLeZa88b31Zfp3xKHSc.png,https://www.linkedin.com/posts/john-copy_why-great-copywriters-must-be-illogical-activity-7081602486985203713-1kpF?utm_source=share&utm_medium=member_desktop
Unconventional Strategy,"Hook, Carousel, How To, Unexpected Contrast, Strong Promise","How to use [unconventional tool/strategy] in your [professional context] 

(X examples that will change the way you think about [tool/strategy])",https://framerusercontent.com/images/FvzbEwqsU9QOpyRhEFma6DWs24.png,https://www.linkedin.com/posts/saralattanzio_using-memes-in-your-content-strategy-activity-7032344125697880064-tac-?utm_source=share&utm_medium=member_desktop
Educational Asset,"Hook, Carousel, Educational Value",[Short timeframe] [Skill] Course,https://framerusercontent.com/images/LSn6gIoPedHF2SP5X8TZCjEEto.png,https://www.linkedin.com/posts/alicjasmin_learn-how-to-write-better-in-60-seconds-activity-7031959934250401793-x2TH?utm_source=share&utm_medium=member_desktop
One Thing’s For Sure…,"Hook, Carousel, Pattern Interrupt, Future Certainty",X [things] you won’t [emotion/action] about in [time frame],https://framerusercontent.com/images/UYQ9Yd7gOHf8Rp0rMz88yLXXgA.png,https://www.linkedin.com/posts/colby-kultgen_7-things-you-wont-give-a-fck-about-in-5-activity-7097185302728888321-ZVPV?utm_source=share&utm_medium=member_desktop
Inside Information,"Hook, Carousel, Controversial, Achievable Roadmap, Secret To Success","How to [achieve desirable outcome] in X simple steps

(this is a secret)",https://framerusercontent.com/images/jgCioNZj3a9tmNE48ChyL5Rf2c.png,https://www.linkedin.com/posts/mattjbarker1_how-to-steal-an-audience-on-linkedin-in-8-activity-7006165934469955584-MwiI?utm_source=share&utm_medium=member_desktop
Do X to Achieve Y,"Hook, Carousel, Broad Appeal, Empowering",X ways to [action][situation/challenge],https://framerusercontent.com/images/lbqQRBKuC4NUFG4rE6C96HJleU.png,https://www.linkedin.com/posts/thechrisdo_say-no-activity-7078023930308923393-5DG7?utm_source=share&utm_medium=member_desktop
Uncommon Experience,"Hook, Carousel, Borrowing Credibility, Broad Appeal, Uncommon Experience","I spent [time period] with [group of notable individuals] in [interesting location]

X [content types] (that every [target audience] needs to hear):",https://framerusercontent.com/images/RQTPCVM5pAEyiuIddJ7c9b5PIQ.png,https://www.linkedin.com/posts/sahilbloom_i-spent-three-days-with-a-group-of-multimillionaire-activity-7101545907531182080-oE9j?utm_source=share&utm_medium=member_desktop
Intriguing Principle,"Hook, Carousel, How To, Creating Intrugue, Building Credibility ","[Intriguing statement or principle]

How to [achieve desirable outcome]

([credibility booster])",https://framerusercontent.com/images/JdENmWiaeWtBtpftaOIpQsl88QA.png,https://www.linkedin.com/posts/tihanson_how-to-make-skimmable-content-v2-530-activity-7102621234114224130-tGBp?utm_source=share&utm_medium=member_desktop
An Unconventional Lesson,"Hook, Carousel, Challenging Convention, Specific Numbers, Learning Methods","X [curiosity-inducing word][desirable outcome or skill] [content type]

That’ll [help you achieve superior result to conventional alternative]",https://framerusercontent.com/images/c5jfa8OSqe1zzlx8Pj1xGZv20Oo.png,https://www.linkedin.com/posts/chasedimond_10-viral-copywriting-tips-activity-7023742275042123776-T_bO?utm_source=share&utm_medium=member_desktop
You Need To Know This,"Hook, Carousel, Creating Urgency, Audience Specific","X types of [business assets] you need to know how to [action]

As a [Target Audience]",https://framerusercontent.com/images/tqBn7VOTRndhFFW9guyJpIjhmUc.png,https://www.linkedin.com/posts/alexcattoni_7-types-of-emails-activity-6993599250458628096-gOoX?utm_source=share&utm_medium=member_desktop
How To Do X and Achieve Y,"Hook, Carousel, How To, Value Promise, Low Time Comittment","How to [achieve specific goal]

in [low time frame] per [day/week/month]",https://framerusercontent.com/images/CqUCcWCAOZPMh2QRHU47Sq8MlY.png,https://www.linkedin.com/posts/lukematthws_how-to-connect-with-active-users-of-linkedin-activity-7162776103621701633-QgBI?utm_source=share&utm_medium=member_desktop
New vs Old,"Hook, Carousel, Nostalgia, Contrast Principle, New vs Old","New [platform/tool/version] vs. Old [platform/tool/version]

(+ [Content type/functionality])",https://framerusercontent.com/images/r02xkWBMUF8SEx3Aol7hPI8v8.png,https://www.linkedin.com/posts/filipa-canelas_old-linkedin-vs-new-linkedin-content-edition-activity-7247214728580657153-JUnb?utm_source=share&utm_medium=member_desktop
Studying The Classics,"Hook, Carousel, Brand Ads, Timeless Insights, Borrowing Credibility","X classic [Brand][assets/achievements/products]

Every [Target Audience] should study",https://framerusercontent.com/images/LgNoxWQF3XHwEVizsfkeOz2YIfY.png,https://www.linkedin.com/posts/josue-valles_55-classic-apple-ads-every-marketer-should-activity-7018901830210379776-eMUk?utm_source=share&utm_medium=member_desktop
The Escape,"Hook, Story, Relatable Subject, 9-5, Winning Strategy","I left [common challenging situation] [time period] ago.

My winning strategy is [counterintuitive approach].",https://framerusercontent.com/images/KOX4q2bKN1FGI07QlQiYGVX0MSY.png,https://www.linkedin.com/posts/justinwelsh_i-escaped-the-rat-race-25-years-ago-my-activity-6901876902475157504-j9lk?utm_source=share&utm_medium=member_desktop
7 Lessons To Success,"Hook, Story, Lessons to Success","When I finished [previous position], I [found myself in an uncomfortable situation].

X years/months later, I [find myself in a better situation].

Here are X key [content type] I've learned along the way to [achieving desirable outcome]: …",https://framerusercontent.com/images/8li0XQfHljhuY7mH1QJxOAAYE9k.png,https://www.linkedin.com/posts/nicolascole_when-i-graduated-from-college-i-moved-into-activity-7143234051905114113-HGTO?utm_source=share&utm_medium=member_desktop
The (Nearly) Dream Job,"Hook, Story, Relatable Subject, Job Interview, Harsh Reality","I thought I'd found the perfect [position/project]. But then I [reached specific turning point].

In just [short time frame], I faced [list of negative experiences or challenges].

Shortly after, …",https://framerusercontent.com/images/V3fCk3gdEutO5r1QMu51XqhWtms.png,https://www.linkedin.com/posts/brianna-doe_i-thought-id-found-my-dream-job-until-activity-7165723133843324928-TEa1?utm_source=share&utm_medium=member_desktop
The Unconventional Hire,"Hook, Story, Unconventional Approach, Modern Day CV","[Time period] ago, I [took an unconventional action].

I didn't [conduct expected action 1] nor did I [conduct expected action 2].

Now, [person or scenario has reached desirable outcome].",https://framerusercontent.com/images/WEZEorsyKpjnM93YRc4sW0o3MU.png,https://www.linkedin.com/posts/laraacostar_last-year-i-hired-someone-from-my-comment-activity-7150826119645077504-L1z_?utm_source=share&utm_medium=member_desktop
From Struggle To Success,"Hook, Story, Company/Product, Growth Story","Today, [Company/Product] is valued at [impressive figure] and [impressive metric].

But it was tough for [Founder's Name] when they started in [Year]: …",https://framerusercontent.com/images/6TculpJGKSubW9ruXJlg1r5bo0.png,https://www.linkedin.com/posts/pierre-herubel-540b3949_today-canva-is-valued-at-40-billion-with-activity-6997523121939300352-abcf?utm_source=share&utm_medium=member_desktop
Something Was Off,"Hook, Story, First Business, Growth Story","I never [had conventional experience]. But it seemed like I did.

I began [venture or project] at [age]. [Give content on situation]. I didn't know where I was going. But somehow I [achieved outcome].",https://framerusercontent.com/images/JCTyNqVqg6Y5bsL43GJZhNFLRQQ.png,https://www.linkedin.com/posts/nbroekema_ive-never-been-employed-but-it-felt-like-activity-7235532265043169280-mAyI?utm_source=share&utm_medium=member_desktop
The Life-Changing Lesson,"Hook, Story, Life Changing Lesson ","[Time period] ago, I had a chat with [Known Figure].

One mind-blowing thing I took away:

[Their name] has [achieved specific desirable outcome]. We spoke about what it takes to [achieve said outcome while minimising associated downside]:

[Their name]'s reply: …",https://framerusercontent.com/images/haDcEk4SCEK0BqPSDLJ1Mmxk.png,https://www.linkedin.com/posts/sahilbloom_last-night-i-had-a-drink-with-gary-vaynerchuk-activity-7168579021406998529-aTqu?utm_source=share&utm_medium=member_desktop
Best Laid Plans,"Hook, Story, Vulnerability, Fail","The time I [experienced a notable event or situation]:

“[Your name],” said [person]. “[Question inquiring about event/situation]?”

“[Vulnerable/surprising response],” I said.",https://framerusercontent.com/images/CUspINFo9OBrizL61ESbGTlpzDU.png,https://www.linkedin.com/posts/eshleyner_marketing-writing-copywriting-activity-6843177803404468224-ux8y?utm_source=share&utm_medium=member_desktop
Job (Not) Done,"Hook, Story, Progress Barrier","Last week I [engaged in a specific activity or situation].

But [unexpected outcome or obstacle].",https://framerusercontent.com/images/NOLET0Zj1VjhsjriViYhUoHxkco.png,https://www.linkedin.com/posts/ryanholiday_the-other-day-i-sat-down-to-write-but-it-activity-7161841991582953472-NMZ1?utm_source=share&utm_medium=member_desktop
Tumultuous Tale,"Hook, Story, Individual/Company Success, Bumpy Ride","[Individual/Company] was [give brief context] with [describe idea or endeavour].

X years later, they’ve [achieved big goal or milestone].

But their journey was anything but straightforward.",https://framerusercontent.com/images/GbPb6oGI4LgUecgZwuUnG8EczbQ.png,https://www.linkedin.com/posts/grace-beverley-574a10102_workinghardpodcast-activity-7198578350095839232-oFZ4?utm_source=share&utm_medium=member_desktop
Anything But Straightforward,"Hook, Story, Contreversial Initiative, Specific Obstacle","[Product/service/endeavour] was [initially faced specific obstacle].

[Share anecdote/more context that intensifies the challenge faced].",https://framerusercontent.com/images/BnDdfOXxF7DAzZ24t3p6Aguog.png,https://www.linkedin.com/posts/timferriss_the-4-hour-workweek-was-turned-down-by-26-activity-7151977698972618752-enN2?utm_source=share&utm_medium=member_desktop
More in Store,"Hook, Story, Goal Achieved, Reality Check","In [year], I [achieved goal or encountered significant life event].

([Statement that teases a realisation or perception change])",https://framerusercontent.com/images/gMFGfD5b7a4BSIxlkS6WVVrp09E.png,https://www.linkedin.com/posts/beatricevladut_in-2020-i-secured-an-internship-in-barcelona-activity-7188091746688348160-TALa?utm_source=share&utm_medium=member_desktop
Contrarian Approach,"Hook, Story, Contrarian Approach","[Provocative/contrarian approach or concept]:

[Surprising example that illustrates point].
",https://framerusercontent.com/images/AZ91l9DOxSTDmFLQNc4RjBPn4A.png,https://www.linkedin.com/posts/richardjamesmoore_richtips-sales-selling-activity-6593241664771420160-tbk2?utm_source=share&utm_medium=member_desktop
Transformative Insight,"Hook, Story, Personal Realisation, Transformative insight","It took me [long time period] to realise [share realisation/concept].

[Transformative insight].",https://framerusercontent.com/images/iyvNmQLgOJ4FR8s4W2KefRQ8VM.png,https://www.linkedin.com/posts/jennifer-a-welsh_took-me-35-years-to-appreciate-financial-activity-6963110223960014849-lFJK?utm_source=share&utm_medium=member_desktop
A Challenging Time,"Hook, Story, Personal Challenges, Initial Action","[Year/time period] was one of the most challenging times [I’ve/we/company] had. 

[Briefly describe the emotional toll]. [State specific challenge faced]. 

So I [action taken]. [Initial result].",https://framerusercontent.com/images/tXypxhjGZPzXhgB9aR5MFov8Akw.png,https://www.linkedin.com/posts/vedikabhaia_entrepreneurship-activity-7239957832572239872-iltS?utm_source=share&utm_medium=member_desktop
Decisive Actions,"Hook, Story, Life Decision, Quitting, Transformation Decision","[Time period] ago, I made a massive [life/business] decision.

I [initial action taken]. 

I [secondary action].

I [tertiary action].",https://framerusercontent.com/images/n1E82IAG2DaNDL5kaeAs82gHX7k.png,https://www.linkedin.com/posts/dakotarobertson_3-years-ago-i-made-the-biggest-decision-activity-7148296976495767552-Msep?utm_source=share&utm_medium=member_desktop
The Gamechanger,"Hook, Story, Life Changing Impact, Mentor, Opportunity","This [person/mentor/leader] had a profound impact on my life. Recently, they [offered me a great opportunity]. 

([Personal aside]) 

Here’s what happened:",https://framerusercontent.com/images/lLQGksyj176mERRSEA55JRD2vhM.png,https://www.linkedin.com/posts/ehlimana-kurgas_this-man-changed-my-life-and-now-he-hired-activity-7138859810376110080-c2Eg?utm_source=share&utm_medium=member_desktop
A Gift Gone Wrong?,"Hook, Story, Unusual Event","So this [time period] I gave [individual] a [thoughtful/unusual gift or item], but when [they interacted with it], [something unexpected happened].

Interestingly…",https://framerusercontent.com/images/9DC2unl1h2JuHSAl72753baOXGQ.png,https://www.linkedin.com/posts/mralexmerry_brand-inclusion-chocolate-activity-6876864325395517440-qrZw?utm_source=share&utm_medium=member_desktop
Meet This Impressive Individual,"Hook, Story, Role Model, Incredible Individual, Growth Story ","Meet the [unique individual or role] [doing something extraordinary]: A [person/individual] who [achieved impressive milestone or accomplishment] in [short time frame]. 

How’d they do it? 

A mix of [two key skills, traits, or strategies]. 

Here’s the story:",https://framerusercontent.com/images/RM4Eki5X7tMOiBsW6OgfRLMg8I.png,https://www.linkedin.com/posts/nathan-baugh_meet-the-incredible-entrepreneur-masquerading-activity-7051544652709068800-_-Q0?utm_source=share&utm_medium=member_desktop
Hard-Won Lessons,"Hook, Story, Origin Story, Growth Milestones, Hard Won Lessons ","When I [prior action], I [describe humble beginning or early challenge]. 

[Time period] later, I [describe a major milestone or achievement]. 

Here are X tough lessons I’ve learned along the way:",https://framerusercontent.com/images/daXOF0nyQzrEoXTV7K22KhesA.png,https://www.linkedin.com/posts/nicolascole_when-i-graduated-from-college-i-moved-into-activity-6917899312102330368-D7Ts?utm_source=share&utm_medium=member_desktop
The Work Involved,"Hook, Story, Building A Product, Tough Reality","I’ve [taken significant action] for the past [time frame] to build [project/course/product]. 

(This is tough as [personal constraint or responsibility]).",https://framerusercontent.com/images/orxnr2BvvIlsGPlBTE8HKbkME.png,https://www.linkedin.com/posts/katebour_ive-worked-10-hour-days-for-the-last-4-activity-7255561177122926593-e3bf?utm_source=share&utm_medium=member_desktop
Hidden Barrier To Success,"Hook, Story, This Matters, Career Journey, Career Sucess","[Seemingly small detail] does matter.

Early in my [journey], I struggled to [achieve goal]. [Primary barrier that held you back].",https://framerusercontent.com/images/52LoBxamZtu9E6lFuZmq7Jd41g.png,https://www.linkedin.com/posts/brianna-doe_titles-do-matter-early-in-my-career-i-activity-7160295572136988672-1z4c?utm_source=share&utm_medium=member_desktop&rcm=ACoAAAHGu78BooOlA373hqf0v-CL8ROOwyk4FCw
A Costly Mistake,"Hook, Story, Specific Time Ago, Critical Mistake, Impact of  Mistake","[Time period] ago, I [made a critical mistake]. It was [negative adjective].

This mistake meant [key negative consequence].",https://framerusercontent.com/images/g1SlfDAesc4wMvjbHdimLG5LE.png,https://www.linkedin.com/posts/timcdenning_4-years-ago-i-accidentally-sent-the-wrong-activity-7243216092842655745-vZhL?utm_source=share&utm_medium=member_desktop
When Reality Sets In,"Hook, Story, Specific Time Ago, Quittting, Life Change, Career Path, Reality of New Direction","[Timeframe] ago, I [made a major life change].

At first, I felt [positive emotion]. 

But as someone who [personal trait], that feeling quickly turned into [unexpected reaction].",https://framerusercontent.com/images/0PUSxtzFZ2fThjVwaetQstj7xk.png,https://www.linkedin.com/posts/dickiebush_6-weeks-ago-i-quit-my-full-time-job-and-activity-6924695461261938688-iCSh?utm_source=share&utm_medium=member_desktop&rcm=ACoAAEM8cusBt47cGi2fDUuWn6AvREjPf1rAF-0
A Chance Encounter,"Hook, Story, Image, Chance Encounter, Notable Person, Unexpected Opprtunity ","Had the pleasure of [unexpected opportunity] with [notable person]. 

It was a fortunate encounter: 

I was [describe planned circumstance]. And by chance, [unexpected event happened].",https://framerusercontent.com/images/CGuu7eOOp4uqsYJCyYMnybLeTjQ.png,https://www.linkedin.com/posts/sahilbloom_had-the-pleasure-of-chatting-about-living-activity-7285383033967280129-En4H?utm_source=share&utm_medium=member_desktop&rcm=ACoAABpphAoBLXXJfcoY-YZc7Pwm3Irp_Z9_8Yg
"A Bold, Surprising Move","Hook, Story, Image, Career Peak, Notable Person, Shock Announcement, Career Changing Decision","At the peak of [success], [notable person or group] shocked the [world/industry] with an announcement: 

They were [making an unexpected or surprising
decision].",https://framerusercontent.com/images/aNjCb4lTINqGRLG5erp2rJZy8hs.png,https://www.linkedin.com/posts/joe-gannon_at-the-peak-of-her-career-creatorentrepreneur-activity-7163079358675419136-wM3-?utm_source=share&utm_medium=member_desktop
"Simple Idea, Massive Outcome","Hook, Story, Image, Specific Time Ago, Merger of Main Players, Specific Hire, First Meeting, Iconic Outcome","In [year], [two major entities/individuals] came together. 

They hired [expert] to [carry out task]. 

In their first meeting, [unexpected moment] led to [what became an iconic outcome].",https://framerusercontent.com/images/7nOeu2g9HvutJkCTvXU1EA2Y4gw.png,https://www.linkedin.com/posts/billy-oppenheimer-70612782_in-1998-citibank-and-the-travelers-insurance-activity-7079500034395824130-Ibjl?utm_source=share&utm_medium=member_desktop
Against My Better Instincts,"Hook, Story, Specific Time Ago, Routine Activity, Questionable Choice","[Time period] ago, I was [doing a routine activity]. I probably should’ve [made a different choice], but [reason for making decision or taking risk]. 

I even remember thinking as I [specific action], “[Thought that crossed your mind].”",https://framerusercontent.com/images/TH7Vi3svBBQywYxTPM0Q3i2LZQI.png,https://www.linkedin.com/posts/ryanholiday_a-few-weeks-ago-i-was-running-early-in-the-activity-7176610409133563904-WXyC?utm_source=share&utm_medium=member_desktop
The Addiction,"Hook, Viral, Unhealthy Addiction, Remedy","I used to have an unhealthy obsession with:

[Simple, relatable habit].

It would [negatively impact][aspect of life/work], until I discovered: …
",https://framerusercontent.com/images/6lBed4tyXGz5nsn50bf86tFXAk.png,https://www.linkedin.com/posts/dickiebush_i-used-to-have-one-severe-addiction-planning-activity-7178367406048763905-aGfK?utm_source=share&utm_medium=member_desktop
Hack to the Top,"Hook, Viral, Growth Hack, Simple Tip ","How I [took an unconventional path to achieve desirable outcome]:

(This [actionable insight/tip] [unlocked result/transformation]).
",https://framerusercontent.com/images/aR5krkfkVHJpQp8kh3RNo46xzWw.png,https://www.linkedin.com/posts/laraacostar_how-i-hacked-my-way-into-the-top-1-this-activity-7092104832857042944--dzk?utm_source=share&utm_medium=member_desktop
Never Again,"Hook, Viral, Modern Day CV, Untraditional Approach","I'm done with [traditional or commonly accepted practice]. 

Every time I [engage in this practice], [describe the negative outcome or 
reaction].",https://framerusercontent.com/images/WWDgHeevm1hYX7NuHJiSkqfIQLg.png,https://www.linkedin.com/posts/tasleemahmadfateh_job-linkedin-linkedincreator-activity-6962285714260516864-lKEN?utm_source=share&utm_medium=member_desktop
"It’s Not About X, It’s About Y","Hook, Viral, Common Practice, Mental Reframe","[Common belief or practice] isn't about [traditional focus/parameters].

It's about [deeper purpose or impact].
",https://framerusercontent.com/images/vlO7D6cLIIo57tt8e5J0veGEfPE.png,https://www.linkedin.com/posts/charlesmiller-pbb_writing-isnt-about-grammar-and-spelling-activity-7084498458136469504-aeuO?utm_source=share&utm_medium=member_desktop
I Just Knew,"Hook, Viral, Dramatic Event","I knew [dramatic negative outcome would occur] 

the moment [trigger event].",https://framerusercontent.com/images/CeGVWCXsjML0ko3bykeRjuBZ4U.png,https://www.linkedin.com/posts/leilahormozi_success-comfort-habits-activity-7026587853975412736-nx2c?utm_source=share&utm_medium=member_desktop
Hard-Won Lessons,"Hook, Viral, Significant Investment, Lessons Learnt",It took [significant time/effort/resource investment] to learn these X lessons: …,https://framerusercontent.com/images/S2xIV76n5RcJvP0oNmYgAbPNo4.png,https://www.linkedin.com/posts/taylin-john-simmonds_11-lessons-activity-6999004803527831552-rBrO?utm_source=share&utm_medium=member_desktop
How To (Really) Do It,"Hook, Viral, Popular Product, Tips for Correct Use, ","All [industry pros] know about [popular tool or concept], but only [small percentage] really know how to use it.

Here are X [strategies/tips] to help you [achieve desirable outcome]: …",https://framerusercontent.com/images/eBNNCjzMFDhGodaKMjdvRupMU.png,https://www.linkedin.com/posts/chasedimond_everyone-knows-about-chatgpt-but-only-001-activity-7020421909733392385-7nTu?utm_source=share&utm_medium=member_desktop
A Superior Method,"Hook, Viral, Common Practice, Alternative Method","[Common belief or practice] [negative consequence]. 

Here’s the [notable method] [famous individuals or groups] use
instead:",https://framerusercontent.com/images/LBEknKDFIaxaMzgkG73SUmxWCvw.png,https://www.linkedin.com/posts/christianpoensgen_to-do-lists-kill-your-productivity-activity-7115665582321999872-FBSO?utm_source=share&utm_medium=member_desktop
My Takeaways,"Hook, Viral, Company Role, Lessons Learnt","I had a great time working for [Company/Organization].

Here are X [insights/lessons/learnings] I’ve picked up along the way:",https://framerusercontent.com/images/iTOlh5XCmzScxtR7uWa6urX8zug.png,https://www.linkedin.com/posts/kieranjflanagan_i-had-a-blast-working-for-zapierfinished-activity-7190692953084866562-hNYP?utm_source=share&utm_medium=member_desktop
Impactful Advice,"Hook, Viral, Unusual habit, Lifechanging Habits","[Unusual habit/action] solves [high percentage of major problem].

X more [simple/quick/easy] [habits/actions] to [improve/change a specific situation]:",https://framerusercontent.com/images/3zKWxBwLnYGqd0RYlI49QspWrs.png,https://www.linkedin.com/posts/codiesanchez_waking-up-at-545am-solves-999-of-daily-activity-7137440523455238144-TKLd?utm_source=share&utm_medium=member_desktop
Simple Steps,"Hook, Viral, Winning Strategy, Timesaving Process","X [easy/simple/quick] steps to [achieve impressive result] in [short time frame]—even if you [face common obstacle]:

For context:

I took [long time period] to [achieve similar result] for the first time.",https://framerusercontent.com/images/L5KZu4YOz2wCzQ7nVKQXErp5bg.png,https://www.linkedin.com/posts/nicolascole_5-dead-simple-steps-to-write-a-60000-word-activity-7175467966975619072-ylXZ?utm_source=share&utm_medium=member_desktop
Industry Issues,"Hook, Viral, Industry Problems, Statistical Evidence","X huge issues we're dealing with in [industry/profession] today:

[Specific problem] → [Striking statistic or fact].",https://framerusercontent.com/images/WLNLfV0qHZji1DYQgV2zUQQv6xA.png,https://www.linkedin.com/posts/amandanat_in-a-nutshell-here-are-the-huge-problems-activity-7197278523311415296-Bjb-?utm_source=share&utm_medium=member_desktop
Enlightening Enquiry,"Hook, Viral, Content Strategy, Reflective Account","If you can answer these X questions, you have a [desirable outcome/asset].

1. [First question]? ([Explanation/qualifier])",https://framerusercontent.com/images/zTpuvMk18Rh8jWGzpIKOn1fmZhM.png,https://www.linkedin.com/posts/jesscook-contentmarketing_if-you-can-answer-these-6-questions-you-activity-7137801745128194049-AiW5?utm_source=share&utm_medium=member_desktop
Time-Saving Process,"Hook, Viral, Timesaving Process, Impressive Outcome",To save [time frame] learning [skill] here’s my X-step [process/method] (I've [reached goal/impressive metric] using this):,https://framerusercontent.com/images/KssnAyuuxZE8LAn2Kr9OSfoHTzM.png,https://www.linkedin.com/posts/mattjbarker1_copy-my-3-step-linkedin-writing-process-activity-7091386617420005376-UxaV?utm_source=share&utm_medium=member_desktop
X is a Euphemism for Y,"Hook, Creative, Common Belief, Humerous Reality","""[Common statement or belief]"" is usually code for ""[Cynical or humorous reality].""",https://framerusercontent.com/images/GVBFKRI3Wd30jhpGzjyan1IsAY.png,https://www.linkedin.com/posts/jayacunzo_were-hiring-a-head-of-marketing-is-usually-activity-7148392152719380481-XkLa?utm_source=share&utm_medium=member_desktop
Choose or be Chosen,"Hook, Creative, Specific Action Required For Specific Result","If you don’t [take specific action], don’t expect [desirable outcome].

If you don’t [take specific action], don’t expect [desirable outcome].

If you don’t [take specific action], don’t expect [desirable outcome].",https://framerusercontent.com/images/H2nLM9DggCjy2QMCmJHpSZ1pc.png,https://www.linkedin.com/posts/thedankoe_the-daily-routine-that-changed-my-life-4-activity-7132013464293670912-Xic1?utm_source=share&utm_medium=member_desktop
You Need to Read This (Today),"Hook, Creative, Reason For Lack Of Progress, Steps Toward Progress",Here's WHY you haven't [achieved a desired goal] yet (and [X steps] you can take today to get started): …,https://framerusercontent.com/images/evv9rPKOxMeQKcY2cSOxcesM1M.png,https://www.linkedin.com/posts/alexcattoni_heres-why-you-havent-started-freelancing-activity-7154879106055045120-NMmY?utm_source=share&utm_medium=member_desktop
Advice from the Sidelines,"Hook, Creative, Sector Experience, Sector Learnings","No one knows [field or skill] better than [unexpected group]. 

I have [time period or impressive results] in/from this game. 

Here's who really knows [field or skill] best: …
",https://framerusercontent.com/images/Jt0DBRBiljY9Htcbd4mq0ZtYaxU.png,https://www.linkedin.com/posts/thecopycrusade_copywriting-marketing-henrygotheadlines-activity-7163956111409045504-rwXw?utm_source=share&utm_medium=member_desktop
Life Learnings,"Hook, Creative, Celbrating Birthday, Life Learnings","I turn [your ideal age] + [difference between your ideal and actual ages] today. 

As I [express a humorous sentiment about age], here are [age formula from above] [things/lessons/tips] I’ve picked up along the way to [achieving desirable outcome]: …",https://framerusercontent.com/images/xGQKxENbSeqz9rEhL4rWOneCv4.png,https://www.linkedin.com/posts/eczachly_mentalhealth-activity-7158146153870483456-vJ4t?utm_source=share&utm_medium=member_desktop
Demystifying Terms,"Hook, Creative, Complex Concept, Shared Confusion","What the hell is [complex term or concept]? 

Don’t worry, you’re not alone.

[Topic or subject] can be confusing.",https://framerusercontent.com/images/PEl5BAXxppSzeXVH64Xix9ZqHkE.png,https://www.linkedin.com/posts/rory-flynn-ai_ultimate-beginners-guide-to-midjourney-prompt-activity-7087535079337455616-weEH?utm_source=share&utm_medium=member_desktop
So Much For Semantics,"Hook, Creative, Common Misconception, Clarifying Terms","""[Concept A], [Concept B], or [Concept C]? 

Many people think they're [common misconception].

So what's the difference?",https://framerusercontent.com/images/SGiRrpujXgPnE6pflkIzIXYRNHc.png,https://www.linkedin.com/posts/saralattanzio_marketing-contentmarketing-socialmediamanagement-activity-6945745023820808193-UMzX?utm_source=share&utm_medium=member_desktop
The Gut Punch,"Hook, Image, Hardhitting Reality","After chatting with [Person’s Name], I can’t get this idea out of my head...

“[Counter-intuitive idea].”",https://framerusercontent.com/images/YxpwwaVmSR6crYIzTrEUA78lD98.png,https://www.linkedin.com/posts/codiesanchez_this-is-the-lazy-version-of-financial-freedom-activity-7155922358434742274-lt72?utm_source=share&utm_medium=member_desktop
Choose Your Hard,"Hook, Image, Easy, Hard, Harder","[Concept 1] is easy.

[Concept 2] is difficult.

[Concept 3] is near-impossible.",https://framerusercontent.com/images/3skeVA8kitvAjr8rWDXS0AawwVI.png,https://www.linkedin.com/posts/justinwelsh_the-truth-about-your-great-business-idea-activity-7259184597861560320-5P2e?utm_source=share&utm_medium=member_desktop
All You Really Need,"Hook, Image, Challenging Common Belief","Forget about [common belief].

Focus on [achievable goal] and [actionable advice].",https://framerusercontent.com/images/nP3pos3fedqaKeKiatP92OZmM.png,https://www.linkedin.com/posts/mattjbarker1_if-you-learn-copywriting-you-write-better-activity-7128002759785615360-LjFG/?utm_source=share&utm_medium=member_desktop
Reality Check,"Hook, Image, Stop Doing This, Reality Check","Dear [Target Audience],

Stop [common but incorrect action or saying].

[Contrasting reality].

All the best,[Specific group – e.g. Marketers]",https://framerusercontent.com/images/ETdz0FzrDrMhcHdovfz12eXOl8.png,https://www.linkedin.com/posts/eric-partaker-5560b92_family-is-a-term-often-tossed-around-in-activity-7274404165148168192-OWdL?utm_source=share&utm_medium=member_desktop
"If You Want X, Do Y","Hook, Image, If You Want This, Do This, Relatable Proverb","If you want [desirable outcome A], [recommended action A].

If you want [desirable outcome B], [recommended action B].

If you want [desirable outcome C], [recommended action C].

[Saying/proverb that ties it all together].",https://framerusercontent.com/images/jgSfvyWpmko7r0RDK1iTu0EhgA.png,https://www.linkedin.com/posts/charlesmiller-pbb_just-make-the-ask-getting-a-no-hurts-activity-7164241530046631936-J5XU?utm_source=share&utm_medium=member_desktop
It Depends on These Factors,"Hook, Image, Factors That Impact Growth, Actionable Advice ","Where [you/your company/other owned asset] will be in [time period] depends on:

[Influencing factor 1]

[Influencing factor 2]

[Influencing factor 3]

[Influencing factor 4]

[Actionable advice].",https://framerusercontent.com/images/XzrpYGMcNxDvqHPXOD3DVqKZZw.png,https://www.linkedin.com/posts/jadebonacolta_you-are-just-one-decision-away-from-a-completely-activity-7132355047266349056-bayd?utm_source=share&utm_medium=member_desktop
Y Comes Before Z,"Hook, Image, Effort For Sucess, Reality Check","You can [achieve desirable outcome] [with relatively little time investment/effort and sacrifice].

Here’s the problem: 

Most [target audience/group] [fail to take necessary action].
",https://framerusercontent.com/images/0pB36QeYHYe22qYgTdfLZOSNV8.png,https://www.linkedin.com/posts/alexhormozi_attention-focus-learning-activity-7051954629349117952-jtN4?utm_source=share&utm_medium=member_desktop
The Nonconformist,"Hook, Text, Funny, Nonconformist","Them: [Common advice or belief] 

Me: [Contradictory action or opinion]",https://framerusercontent.com/images/yPwpPJIyKijC6pmGtzVg7ojYtE.png,https://www.linkedin.com/posts/liz-willits_them-dont-use-emojis-on-linkedin-its-activity-6849454184664772608-1ku1?utm_source=share&utm_medium=member_desktop
Humbled and Honoured,"Hook, Text, Funny, Humerous Achievement, ","Humbled to announce [unexpected or humorous achievement].

Shout out to [dramatic or exaggerated list of entities].",https://framerusercontent.com/images/WRLwMkoGW1fRpIwRXfiSZdAPAc.png,https://www.linkedin.com/posts/nealogrady_excited-to-announce-today-we-closed-our-0mm-activity-6684175454687113216-La5g?utm_source=share&utm_medium=member_desktop
My Honest Answer,"Hook, Text, Funny, Humerous Goal, Whimsicle Routine","People often ask me, “[Your Name], how do you [achieve modest or humorous goal]?”

Here’s what I always say:

“I [unexpected and whimsical routine].”",https://framerusercontent.com/images/qaV0KbnkgFWd2UegS5gC2nivU.png,https://www.linkedin.com/posts/benjamin-watkins-copywriter_copywriting-storytelling-linkedinstrategy-activity-6958484348824096768-iGkD?utm_source=share&utm_medium=member_desktop
Bizarre Backstory,"Hook, Text, Funny, Humerous Event, Origin Story","[Specific date]: [humorous or embarrassing event].

[Following date]: [significant life decision/career change/achievement].

Here's my origin story:",https://framerusercontent.com/images/SRG9KR65zTXprivWpQQMAc8QZTA.png,https://www.linkedin.com/posts/mattjbarker1_31st-dec-2021-threw-up-over-my-friends-carpet-activity-7195391051749097472-Qaqk?utm_source=share&utm_medium=member_desktop
Just As You Thought,"Hook, Text, Funny, New Habit, Unexpected Result","What happened when I [initiated new habit or change]?

[Unexpected or mundane result].",https://framerusercontent.com/images/YxdJgAiu07Sl58MLTMhtJI86Y.png,https://www.linkedin.com/posts/itsmarkasher_what-happened-when-i-started-waking-up-at-activity-6628568869231448064-fQyO?utm_source=share&utm_medium=member_desktop
Absurd Comparison,"Hook, Text, Funny, Under Quoted, Absurd Comparison","“[Someone or competitor] can do this [for a lower price/in less time]!”

Yeah, and I can find [absurd comparison] - that doesn’t signify high quality, 
[Name].",https://framerusercontent.com/images/DbsUUCV5T1yzYwXazDZAelzw5JI.png,https://www.linkedin.com/posts/grace-r-hall_thebarissolow-anantcouldntlimbounderit-excludethataudience-activity-7074643750190239744-lV-l?utm_source=share&utm_medium=member_desktop
Ironic Realisation,"Hook, Text, Funny, Ironic Realisation, Humerous Reaction","When you realise most ‘[category advisors]‘ are [description of unspoken privileges]...

You [humorous reaction].",https://framerusercontent.com/images/3E6nRYHHXly1ARBLncponmY0.png,https://www.linkedin.com/posts/katebour_when-you-realize-that-most-of-the-productivity-activity-6972512682373435393-e-4N?utm_source=share&utm_medium=member_desktop
Meaningful Achievement,"Hook, Text, Success, Hitting Milestones, Renewed Effort","I reached [milestone/achievement][short time ago].
When I reached [prior milestone/achievement] I wasn’t bothered.

But it’s different this time. Because [reason related to increased effort or change].",https://framerusercontent.com/images/UQCa9qqPWOnJGN6jsJ9eBRLnG4.png,https://www.linkedin.com/posts/shoaibahmed21_i-hit-40k-followers-yesterday-when-i-hit-activity-7204738892636323840-4DYw?utm_source=share&utm_medium=member_desktop
Proven Strategy,"Hook, Text, Image, Success, Milestone Achieved, Specific Strategy","I [achieved desirable outcome] in just [short time frame].

I also [additional related outcome].

Here’s my X-step strategy:",https://framerusercontent.com/images/W9pVul6Jb4TPz1fxyGM7EVbV7Y.png,https://www.linkedin.com/posts/nikolettjaksa_i-doubled-my-impressions-in-just-1-month-activity-7210174697739587584-pQCU?utm_source=share&utm_medium=member_desktop
Winning Insights,"Hook, Text, Success, Timeline Of Achievements, Lessons Learnt","At [age], I began [specific endeavour].

At [later age], I [achieved significant milestone] [unlocking this significant outcome].

Here are X [insights/lessons/habits] that helped make this happen:
",https://framerusercontent.com/images/4gDNUcRcc7WeD7Wr2iWX98PQU.png,https://www.linkedin.com/posts/timothyarmoo_at-21-i-started-a-company-in-university-activity-7086675959671595008-n7j6?utm_source=share&utm_medium=member_desktop
Surprising Success Story,"Hook, Text, Success, Company Beginnings, Company Growth","On starting [company/project], I had no grand aspirations.

I didn't overthink [specific detail], I just [took specific action]. And today, in [year/month], [company/project] has [achieved impressive milestone].",https://framerusercontent.com/images/kRaH2yafpCs9bSSl4a6mzvvBVw.png,https://www.linkedin.com/posts/gymshark_when-i-started-gymshark-i-never-thought-activity-7188835510419640320-XNRO?utm_source=share&utm_medium=member_desktop
Big News,"Hook, Text, Success, Exciting News, Significant Achievement","HUGE NEWS: [EXCITING ANNOUNCEMENT].

I just [significant achievement], [description of the achievement].",https://framerusercontent.com/images/aTbDHI0tOGie116DNh7uhOlYZg.png,https://www.linkedin.com/posts/codiesanchez_major-news-this-is-the-biggest-investment-activity-7211714934647205888-YkEt?utm_source=share&utm_medium=member_desktop
"Project Reveal
","Hook, Text, Success, Big Share, Project Reveal","Morning [friends/community], I’m thrilled to finally share this.

This is something I’ve worked on for [significant duration].",https://framerusercontent.com/images/9WnX0D9o2L4estZfEoGnwOgo.png,https://www.linkedin.com/posts/ali-abdaal_hey-friends-im-excited-to-finally-be-sharing-activity-7088112570485587968-RvPN?utm_source=share&utm_medium=member_desktop
Repurposed Triumph,"Hook, Text, Image, Success, Company Achievement, Changing Trends","How [well-known entity] [achievement impressive feat] [by way of a surprising means].

Since [Event/trend], [prominent figure/entity] has [undergone notable transformation].",https://framerusercontent.com/images/IchWLSd1LmDwXiv5IUcZEGF2Ngs.png,https://www.linkedin.com/posts/harrydry_marketing-activity-7100138094951026689-jWQz?utm_source=share&utm_medium=member_desktop
Mistake You’re Probably Making,"Hook, Text, Image, Mistake You're Probabaly Making","If you’re a [specific audience], you’re likely making this mistake:

[Common mistake relevant to the audience].",https://framerusercontent.com/images/j4YqN6HR9QK0C2w7U2UdjQxYQ.png,https://www.linkedin.com/posts/timothyarmoo_if-youre-a-first-time-leader-or-manager-activity-7198291565730050048-Nj3l?utm_source=share&utm_medium=member_desktop
Mistakes That Cost Dearly,"Hook, Text, Image, Mistake That cost Dearly","I made X huge mistakes during my first X months/years of [endeavour]. 

(these cost me [specific quantified losses])",https://framerusercontent.com/images/0OVRMQ7K0ieiZkhRawQsiVvXljQ.png,https://www.linkedin.com/posts/shoaibahmed21_i-made-3-big-mistakes-in-year-1-of-business-activity-7210899482840854528-rOnn?utm_source=share&utm_medium=member_desktop
Mistake You Shouldn’t Ignore,"Hook, Text, Mistake You Shouldn't Ignore",Most [specific group] don't talk about [sensitive or uncommon topic].,https://framerusercontent.com/images/TJFthIE50NUdah2jJHU76Iln8w.png,https://www.linkedin.com/posts/anniemaihodge_most-creators-dont-talk-about-how-much-they-activity-7163832202579939328-Nxva?utm_source=share&utm_medium=member_desktop
Mistake You Don’t Want To Hear,"Hook, Text, Image, Mistake You Don't Want to Hear",Here's the no. 1 mistake [specific group] make on/in [platform/context] (this may be hard to hear):,https://framerusercontent.com/images/CAc4VR3CnSPb2dLJ6SClxygOME.png,https://www.linkedin.com/posts/samuel-szuchan_heres-the-biggest-mistake-people-make-on-activity-7064578233710649344-1BNw?utm_source=share&utm_medium=member_desktop
Mistake You’ll Want To Avoid,"Hook, Text, Image, Mistake To Avoid","[Time period ago], I [made a significant life/career move] to [pursue new venture].

Big mistake.

[Give a specific reason why].",https://framerusercontent.com/images/9CqUvaW2hAN2qHg8cIKtBkgTk.png,https://www.linkedin.com/posts/nicolascole_when-i-was-26-i-quit-my-9-to-5-to-go-all-activity-7194675052066340868-aTKV?utm_source=share&utm_medium=member_desktop
Mistakes That Are All Too Common,"Hook, Text, Avoiding Common Mistakes","X common mistakes in [specific activity/industry/field] in [current year]:

(and how you can avoid them):",https://framerusercontent.com/images/vRhQbPuTtVcxte2xOCFYULcS6w0.png,https://www.linkedin.com/posts/dalianaliu_datascience-activity-6937462904287887360-jUGh?utm_source=share&utm_medium=member_desktop
Mistake That Will Backfire,"Hook, Text, Mistake That Will Backfire","Is this common mistake destroying your [specific activity/habit]?
",https://framerusercontent.com/images/wPgyA7uvzuG0WjSTMSTUF4WYf0I.png,https://www.linkedin.com/posts/eshleyner_copywriting-marketing-creativity-activity-6978353316518903808-6pk9?utm_source=share&utm_medium=member_desktop
You're Bad (But It’s Not Your Fault),"Hook, Text, Image, Polarising, Why You're Failing, How To Fix It","Your [skill/trait] is lacking because [external factor] let you down.

Follow these X steps and to [unlock benefit]:",https://framerusercontent.com/images/GXI48sqqgIfXqm8JUeZ8iN3OiyU.png,https://www.linkedin.com/posts/dakotarobertson_your-writing-sucks-because-school-failed-activity-7219717580322680832-i3ft?utm_source=share&utm_medium=member_desktop
"Stop This! Seriously, Who Do You Think You Are?","Hook, Text, Image, Polarising, Never Do This, Who Do You Think You Are","Never start your [action] with [common unnecessary or ineffective practice].

You’re not [individual or entity known for the practice]. Plus, [reason why the practice is unnecessary or ineffective].",https://framerusercontent.com/images/hGeVletryQQAVd5YyX29RSyCVgo.png,https://www.linkedin.com/posts/yuriiveremchuk_never-start-your-cold-email-with-hi-my-activity-7186694904650031104-X5Qt?utm_source=share&utm_medium=member_desktop
You’re Not Fooling Anyone,"Hook, Text, Polarising, Mistake You're Making, Do This Instead","Are you being [provocative term] with your [topic/business asset]?

Just [following the basic/common approach] and hoping you’ll avoid [negative consequence]?",https://framerusercontent.com/images/bLtip6JhNOTtLbtMfxuT7sEzk.png,https://www.linkedin.com/posts/ejcownley_are-you-being-a-basic-bitch-with-your-brand-activity-7069231917803425792-0O-3?utm_source=share&utm_medium=member_desktop
"Listen, You Need This…","Hook, Text, Image, Polarising, Target Audience, Element Missing, ","[Target audience]: You need [critical element].

And not just because [superficial reason].
",https://framerusercontent.com/images/hYcWw1CNPvRGYHRkZJXYLNxfVl0.png,https://www.linkedin.com/posts/taranakasana_founders-you-need-an-audience-and-not-activity-7178360809826172928-YFns?utm_source=share&utm_medium=member_desktop
It’s Becoming More Popular To…,"Hook, Text, Polarising, Growing Trend, Poor Outcome, Misguided Belief","There’s a rising trend in/on [industry/medium/platform] to [conduct trending behaviour], [get a sub-par outcome] then [give/take misguided belief or action].",https://framerusercontent.com/images/k1z6ylHGJ6ytNFQphfSm9X4HA.png,https://www.linkedin.com/posts/markritson_lesdawson-ai-activity-7214040222097899520-bSoe?utm_source=share&utm_medium=member_desktop
That’s Not What’s Stopping You,"Hook, Text, Polarising, Common Behaviour, Limiting beliefs","Most people know exactly [common knowledge or action].
The problem isn’t [common limiting belief].
",https://framerusercontent.com/images/SFDIZnAyL5PrbSEGvagNENzIo.png,https://www.linkedin.com/posts/alexhormozi_alexhormozi-acquisition-sales-activity-7205969717273006081-6k7q?utm_source=share&utm_medium=member_desktop
Stop Doing That! It’s Self-Sabotage,"Hook, Text, Polarising, Stop Doing That, Self Sabotage","Stop [common misguided behaviour], [specific related actions], then [common follow-up action].

It’s [list negative outcomes].",https://framerusercontent.com/images/gOIpvhXfmFLPVgWvG5aXJijJik.png,https://www.linkedin.com/posts/emma-stratton-punchy_messaging-positioning-training-activity-7102652172206542848-4dYz?utm_source=share&utm_medium=member_desktop
Need Good Thing (Without Bad Thing)?,"Hook, Text, Image, Question, Need Desirable Outcome, Here's how","Need to [maintain desirable state OR achieve desirable outcome]?

X ways to [achieve said outcome] (without [obstacle or frustration]):",https://framerusercontent.com/images/2k6RFqdwyiMRquy8Ftf3yM2bqs8.png,https://www.linkedin.com/posts/timothyarmoo_need-your-best-employees-to-stick-around-activity-7234892645808943104-NEb6?utm_source=share&utm_medium=member_desktop
Should We Do This…?,"Hook, Text, Question, Target Audience, Using Technology, Depending Factors","Should [target audience] use [technology/approach] for [specific task]?

Part of it depends on [specific factor]. But this is even more crucial:",https://framerusercontent.com/images/aqZ87BqcAlEk6B3PESR3MlMKqiU.png,https://www.linkedin.com/posts/annhandley_should-we-use-ai-for-writing-a-first-draft-activity-7201643360548175872-KFlW?utm_source=share&utm_medium=member_desktop
Unsure How To X?,"Hook, Text, Question, Unsure About This Task","Don’t know how to [accomplish task]?

I’ve lost count of how many people ask me, “[Your name], how do I [accomplish task]?”",https://framerusercontent.com/images/LLa8pF0x8iWzhSKkb6Nk1RlGcI.png,https://www.linkedin.com/posts/courtneylynnjohnson_socialmedia-digitalpresence-content-activity-6623380181010665472-9kpw?utm_source=share&utm_medium=member_desktop
Is This Common Problem Affecting You Too?,"Hook, Text, Image, Question, Common Problem, Uncovering Problem ","The biggest problem with [profession or group] (is this you?)

The biggest problem is uncovered by [unexpected analysis or action].",https://framerusercontent.com/images/KwlKFnxDjv7KwX0xgrO0MTp2ch4.png,https://www.linkedin.com/posts/john-copy_copywriting-copywritingtips-atomiccopy-activity-7050074745534382080-5gtn?utm_source=share&utm_medium=member_desktop
Target Audience: “[Common Question]?”,"Hook, Text, Common Question, Best Answer","“[Common question target audience has]?”

[Answer question].",https://framerusercontent.com/images/GONTpqs1kcU2SebyGbTUsG2OOg.png,https://www.linkedin.com/posts/ehlimana-kurgas_how-many-hours-per-day-should-i-spend-on-activity-7231253502193266689-nIRt?utm_source=share&utm_medium=member_desktop
Wanna Stir The Pot? Here’s How…,"Hook, Text, Question, Evoking A Reaction, This Sould Work","Want to [evoke reaction/emotion] from [specific group]?

These X [phrases/sentences/ideas] should do it:",https://framerusercontent.com/images/pngaObo4pY6bdo83lFw8as27tU.png,https://www.linkedin.com/posts/liz-willits_want-to-annoy-a-marketer-these-10-sentences-activity-7236751953664315392-9mKQ?utm_source=share&utm_medium=member_desktop
Ever Notice How X Leads To Y?,"Hook, Text, image, Question, Pointless Task","Ever notice how many times you [take specific action]...

and how often it [leads to frustrating outcome]?
",https://framerusercontent.com/images/Fzf6g4MMJ0yrqifjUKjGYcCwVAE.png,https://www.linkedin.com/posts/amewborn_ever-notice-how-many-just-checking-in-emails-activity-7234889770185740288-LWP_?utm_source=share&utm_medium=member_desktop
Hitting The Proverbial Wall,"Hook, Text, Pain Point, Tried And Failed, Specific Solution","I struggled with [problem/challenge] for years.

So I spent [X amount of time/effort] exploring the [specific habits or routines] of [credible sources].",https://framerusercontent.com/images/mHJAvY6uU2nnYdTsdj94kzKy3a8.png,https://www.linkedin.com/posts/dickiebush_i-tried-and-failed-for-years-to-build-a-activity-6926163376842674176-y4Wc?utm_source=share&utm_medium=member_desktop
Sticking With It,"Hook, Text, Video, Pain Point, Struggling With High Value Action, Specific Tool","Struggling to [achieve desired outcome]?

(This [solution/tool/process] saves me [X amount of time/effort] each [time frame].)",https://framerusercontent.com/images/yhyfHXZ8wa5t5d4XAdvouyLbpF8.png,https://www.linkedin.com/posts/audrey-chia_struggling-to-post-consistently-on-linkedin-activity-7240318298800693249-UGvf?utm_source=share&utm_medium=member_desktop
Overcoming Barriers To Success,"Hook, Text, Video, Pain Point, Roadblock, Specific Solution","Hit a ceiling at [milestone]? Learn to [skill/action].

Stuck at [next milestone]? Master [advanced skill/action].
",https://framerusercontent.com/images/OwI4x1r0fjGbnbFMQY82nOjro.png,https://www.linkedin.com/posts/dmartell_hit-a-roadblock-at-300kyear-learn-to-delegate-activity-7231372536737841152-sdGl?utm_source=share&utm_medium=member_desktop
The Real Crusher,"Hook, Text, Image, Pain Point, True Progress Killer","Lack of [important trait] [kills/stops] more [goals/professionals] than lack of [commonly sought resource] ever will.
",https://framerusercontent.com/images/ckQAurRG8Wk3olotgXbRNO12v8.png,https://www.linkedin.com/posts/leilahormozi_lack-of-focus-kills-more-dreams-than-lack-activity-7207420275368296448-2MGS?utm_source=share&utm_medium=member_desktop
"It's Hard, But Needs Must","Hook, Text, Pain Point, Uncomfotable Action, Overriding Value of Action ","Sometimes I struggle with [action/task].

But it’s crucial for [achieving desired outcome or goal].",https://framerusercontent.com/images/TrwP5LAotLa2HPx9cXocANMVJQ.png,https://www.linkedin.com/posts/ethan-golding_sometimes-im-uncomfortable-sharing-on-linkedin-activity-7183350504784039936--fDi?utm_source=share&utm_medium=member_desktop
You Can’t Achieve X Without Y,"Hook, Text, Pain Point, goal Focused, Harsh Truth",Your [work/task] isn’t effective because you don’t know how to make [aspect of your work produce desirable outcome].,https://framerusercontent.com/images/SCfXoG8ujL94JSAQbnMvYavsFgE.png,https://www.linkedin.com/posts/thedankoe_the-greatest-skill-of-the-21st-century-the-activity-7238599490843074561-R94T?utm_source=share&utm_medium=member_desktop
A Harsh Reality,"Hook, Text, Pain Point, Goal Focused, Harsh Reality","[Task/process] can take ages.

People spend [time duration] working on [single task/result]...",https://framerusercontent.com/images/zhWEtHKirY8cDASuf93048SrIo.png,https://www.linkedin.com/posts/diandraescobar_7-tips-to-write-blog-posts-faster-activity-7188872939918819329-PTu-?utm_source=share&utm_medium=member_desktop
Started From The bottom…,"Hook, Text, Pain Point, Starting From 0, Growth Journey","I remember [describe a challenging state]. 

[Time period] ago, I was at [starting point].",https://framerusercontent.com/images/WDovyvrL8aFTxCC1EUklifInEA.png,https://www.linkedin.com/posts/alicjasmin_i-remember-what-it-felt-like-to-be-invisible-activity-7249727674129010690-2Nj9?utm_source=share&utm_medium=member_desktop
A Disrupting Trend,"Hook, Text, Pain Point, Changing Trend, How To Survive",[Big change/trend] is going to disrupt [specific area]. Here’s what [group/profession] are already doing to stay ahead:,https://framerusercontent.com/images/HgYAyY6lJ3rJ7Vln1QsOQZGn0.png,https://www.linkedin.com/posts/kieranjflanagan_ai-is-going-to-saturate-all-digital-marketing-activity-7260290145218654211-rAYq?utm_source=share&utm_medium=member_desktop
Why [Common Approach] Doesn’t Work,"Hook, Text, Pain Point, Why Common Approach Doesn't Work ","[Action/approach/tool] is [state why approach is suboptimal]. When [context/scenario], [expand on why approach fails].

All this leads to [negative consequences].",https://framerusercontent.com/images/G4QcT8WLBCY9Q0FProwwEYF6BRY.png,https://www.linkedin.com/posts/natalie-marcotullio_book-a-demo-or-free-trial-cta-is-too-activity-7032357362485088256-Iyg2?utm_source=share&utm_medium=member_desktop
“A Common Struggle”,"Hook, Text, Pain Point, Common Personal Struggle, Reason For Common Struggle","“[Common struggle expressed as a quote].”

Because [key limiting factor or roadblock].",https://framerusercontent.com/images/jeYhOAvVDq7HD9xUmaEXRPSulg.png,https://www.linkedin.com/posts/taylin-john-simmonds_i-struggle-to-write-consistently-because-activity-7251584958325006337-DeNn?utm_source=share&utm_medium=member_desktop
Ever Felt Like This? Same,"Hook, Text, Pain Point, Shared Negative Perception","Do you ever feel like [task or role] is [negative emotion or perception]?

Like you’re just [putting up with unfavourable state/outcome], while you long for [better outcome]?

I used to feel this way too.",https://framerusercontent.com/images/QnrDPieF3q4RwmsGPBNqhh8xPYs.png,https://www.linkedin.com/posts/alex-m-h-smith_do-you-ever-feel-that-your-work-is-kinda-activity-7271873174378627072-tb-m?utm_source=share&utm_medium=member_desktop
"The What, Why, How","Hook, Text, Pain Point, Reason For Limited Progress, How To Progress ","If you’re [struggling with a specific challenge], read this:

The main reason for that is [state reason].

Here are X [content types] that I use to [unlock benefit]:",https://framerusercontent.com/images/4x8KmjH9dkS14wHSe0lPL9Kmw.png,https://www.linkedin.com/posts/hatice-sultan-ghostwriter_if-your-posts-are-stuck-between-1000-5000-activity-7265325965986185216-Q8FH?utm_source=share&utm_medium=member_desktop
Does This *Scenario* Sound Familiar?,"Hook, Text, Pain Point, Shared Frustration, Reason For Frustration","Tired of [describe repetitive or frustrating task]?

*[describe relatable, frustrating scenario]*

Look, [state key reason why struggle occurs].",https://framerusercontent.com/images/MH7rAu8N3RG6sYgLDyII5VNZ7M.png,https://www.linkedin.com/posts/amewborn_comment-templates-and-lets-make-your-pipeline-activity-7272226915803881473-bOyn?utm_source=share&utm_medium=member_desktop
My Exact Method,"Hook, Text, Desire, How I, Proven Steps, Achieving Goals","X steps to [achieve goal], [make a major life change], and [reach a significant milestone] 
(here’s how I did it):",https://framerusercontent.com/images/f0KSfedyAv1w3IUbhn6JSURIyc.png,https://www.linkedin.com/posts/nicolascole_7-proven-steps-to-build-a-valuable-skill-activity-6916045570029613056-jn4s?utm_source=share&utm_medium=member_desktop
"If It Worked For Them, It Can Work For You","Hook, Text, Image, Desire, High Value Habits, Social Proof","These 3 [habits/routines/hacks] help me [reach desired outcome] routinely:

(and they’ve worked for all my clients)",https://framerusercontent.com/images/IvcNH73h862b5evvpMYQ2kY6D8.png,https://www.linkedin.com/posts/hatice-sultan-ghostwriter_these-3-habits-get-me-100s-of-comments-on-activity-7246481448172482561-XtLL?utm_source=share&utm_medium=member_desktop
My (Desirable) Transformation,"Hook, Text, Desire, Growth Story, Insights","Over the past [timeframe], I’ve gone from [starting point] to a
[desirable goal state].",https://framerusercontent.com/images/mT9tYKT0XRRHh15JRcYRqvlI.png,https://www.linkedin.com/posts/kierandrew123_over-the-past-3-years-ive-gone-from-no-clue-activity-7104055429407629312-Dksy?utm_source=share&utm_medium=member_desktop
I’ve Done The Hard Work So You Don’t Have To,"Hook, Carousel, Desire, Growth Story, Quick Hacks Shared","[Skill growth] took me [monetary cost] and [time investment] to master, I’ll teach you in [short time frame]:",https://framerusercontent.com/images/Yjnv3zTIFqIoHWz8uPp8hrlEM.png,https://www.linkedin.com/posts/rob-hoffman-ceo_how-to-grow-your-linkedin-to-100k-activity-6983766968201797632-Ya8q?utm_source=share&utm_medium=member_desktop
A Unique Way,"Hook, Text, Desire, Growth Hack Shared, Unconventional","Want more [specific results] from [platform/tool/business vehicle]?

(Try using The [unexpected method or technique])",https://framerusercontent.com/images/1GOS0QFT4VEd9Lr84GaiPpGhFeo.png,https://www.linkedin.com/posts/tasleemahmadfateh_want-more-clients-from-linkedin-try-using-activity-7196034050602459137-_IRT?utm_source=share&utm_medium=member_desktop
A Realistic Timeframe,"Hook, Carousel, Desire, Winning Process Shared, Short Timeframe","My [industry-specific process] to [maximize or reach desired outcome]

(in [specific time frame] or less)",https://framerusercontent.com/images/zZuewVWMnsf29itCUG2OL0EBYoc.png,https://www.linkedin.com/posts/tasbober_how-i-structure-b2b-saas-homepages-to-maximize-activity-7112405517997678592-njYk?utm_source=share&utm_medium=member_desktop
Accessible Alternatives,"Hook, Text, Image, Desire, High Value Sidehustles, Manageable Timeframe","4 [tips/paths/business models] to [unlock desirable outcome]:  

(that don’t involve [unappealing requirement or major commitment])
",https://framerusercontent.com/images/Z08UVAXI0PiIYeSCjNDfdPjPhE.png,https://www.linkedin.com/posts/justinwelsh_4-side-hustles-to-make-extra-income-activity-7245761377896656896-nG0s?utm_source=share&utm_medium=member_desktop
I Was Lost Until I Found…,"Hook, Text, Image, Fear Based, Previous Inadequacy, Key Realisation, Winning Model","I spent years [struggling with X / doing Y ineffectively]. 

Then I discovered [key individual’s strategy/resource/insight] that transformed my 
entire [specific process].",https://framerusercontent.com/images/R95ebWw8SwqwpUrXGaqyghJPMg.png,https://www.linkedin.com/posts/dickiebush_i-wasted-years-as-a-horrible-writer-then-activity-7247583881392975872-cFIc?utm_source=share&utm_medium=member_desktop
"I Used To Do X, But Now I Do Y","Hook, Text, Fear Based, Previous Action, Improved Action","I used to [do X in an old-fashioned way / rely on Y]. 

But now I [take a different approach], and it’s been a game changer.",https://framerusercontent.com/images/XXQKwW5GrKEMcgZafP44Bzj9LGI.png,https://www.linkedin.com/posts/jesscook-contentmarketing_i-used-to-write-all-my-content-in-copy-docs-activity-6958405451721973760-Z8KE?utm_source=share&utm_medium=member_desktop
Times Are Changing,"Hook, Text, Image, Fear Based, X No Longer Works, What Really Matters","[Common trend/pattern] is fading fast. 

Guess what? 

It’s fading in [related areas] as well.",https://framerusercontent.com/images/z7i4jdVUwT6Ig9py1VBGZeYa72Y.png,https://www.linkedin.com/posts/lukematthws_organic-reach-is-dying-on-linkedin-guess-activity-7110939592345686016-1Rxd?utm_source=share&utm_medium=member_desktop
Rock Bottom,"Hook, Text, Fear Based, Lacking Sucess, Not Making Progress, Specific Solution","No [desirable item/outcome].
No [desirable item/outcome].
No [desirable item/outcome].
No [desirable item/outcome].",https://framerusercontent.com/images/ermn5u00y0TNgD2gFFhvl6kpZA4.png,https://www.linkedin.com/posts/alexhormozi_no-money-no-reputation-no-status-no-activity-7253442282882781184-0_Jj?utm_source=share&utm_medium=member_desktop
Here’s The Real Reason For Your Struggles,"Hook, Text, Image, Fear Based, Lacking Sucess, Not Making Progress, Specific Reason","If you're [facing difficulty], it's [reason for difficulty]. 

[Specific factors] might play a role, but ultimately, [expand on why reason for difficulty persists].",https://framerusercontent.com/images/6i46YjT21yofqVANjuC0mCTmSM.png,https://www.linkedin.com/posts/kristamollion_goals-goalsetting-dreams-activity-7111286328360587264-8bDW?utm_source=share&utm_medium=member_desktop
Most People Get This Wrong,"Hook, Text, Image, Fear Based, Lacking Sucess, Not Making Progress, Specific Reason","Most people don’t understand [key concept/strategy]. 

They completely miss the mark on [key principle]. 

You’re [overdoing one aspect] and [neglecting another aspect].",https://framerusercontent.com/images/4D7SH7KOs2AhaZpSUQpaYYloctU.png,https://www.linkedin.com/posts/beatricevladut_99-of-people-dont-understand-brand-the-activity-7244307096177926145-zcI1?utm_source=share&utm_medium=member_desktop
It No Longer Works,"Hook, Text, Image, Fear Based, Previous Key To Sucess, New Key To Sucess","[What was once a key to success] no longer holds the same weight. 

[Key reason why]. And [previous strategy/skill] is being overtaken by [a new development/technology].",https://framerusercontent.com/images/v3OBuBjgZWNtARGqi2O3S8oWMeo.png,https://www.linkedin.com/posts/timcdenning_degrees-used-to-help-you-get-a-good-job-activity-7253484841915035648-Lrt4?utm_source=share&utm_medium=member_desktop
A Rude Awakening,"Hook, Text, Shocking, Business Quote, Humiliating Response, Business Story","I once [took a standard action] for a [service/solution].[Briefly describe unexpected reaction or result]. I felt [emotional reaction].

Here’s how it played out.",https://framerusercontent.com/images/cgT9x9V9bZfCpYyBU08yj7Q3Q.png,https://www.linkedin.com/posts/alicjasmin_storytime-personalgrowth-growth-activity-6960835601973592064-Auu8?utm_source=share&utm_medium=member_desktop
An Unconventional Practice,"Hook, Text, Shocking, Unusual Business Practice, Impact of Unconventional Business Approach","The [role/title] of [well-known person/company] used to [surprising or unconventional practice].

Highly unusual but [explain the purpose or effect of the practice].",https://framerusercontent.com/images/0F1H0gPYfgJs6cO0tCxil9QZX0.png,https://www.linkedin.com/posts/renoperry_jobsearch-jobinterviews-careers-activity-7034887094082703360-UlmI?utm_source=share&utm_medium=member_desktop
"Shocking? Yes, But Effective","Hook, Text, Shocking, Unconventional Business Approach, Effective Outcome","My [colleague/peer/company] [took surprising action that led to specific outcome].

[Share where it started - give brief details on any significant events that led up to your surprising experience].",https://framerusercontent.com/images/03MtMvE3D6OTgh5VvE14leBmR4.png,https://www.linkedin.com/posts/saradalsfelt_my-boss-stalked-me-into-my-current-job-activity-7242422260538433537-3vA6?utm_source=share&utm_medium=member_desktop
Going Against The Grain,"Hook, Text, Image, Shocking Business Approach","I [took a controversial action]. 
[Briefly explain why in a way that sounds inflammatory].",https://framerusercontent.com/images/8JsRJRaCnOBVlIbiSl97jD80l28.png,https://www.linkedin.com/posts/ameliasordell_i-just-cancelled-all-our-employee-benefits-activity-6960880818109980672-Xe1w?utm_source=share&utm_medium=member_desktop
"Well, This Happened","Hook, Text, Shocking Event","I [bold, unexpected statement related to a surprising personal experience].

It was [describe setting/event in brief, vivid detail].",https://framerusercontent.com/images/jGYzQtP3IvKNyr1q9i7PiDhe8.png,https://www.linkedin.com/posts/hennekeduistermaat_i-spent-last-night-in-prison-it-was-activity-7241085550697353218-u-zN?utm_source=share&utm_medium=member_desktop
I Did A Bad Thing,"Hook, Text, Shocking, I Did A Bad Thing, Fallout of Inadvisable Approach","I [did a deceitful or sneak thing].

I [briefly expand on initial statement].

But that’s not the worst bit. The worst bit was...
",https://framerusercontent.com/images/F8muW1FxuO00IoMFQzzP3oprQ.png,https://www.linkedin.com/posts/ashrathod_storytelling-contentmarketing-creativewriting-activity-6900469276570923009-4IKp?utm_source=share&utm_medium=member_desktop
An Early Win,"Hook, Text, Shocking, Business Win, X Step Roadmap","I landed a [high-value opportunity] just [short time] after [starting in my field/role].

Here’s exactly what I did (X steps), opposite to most [role/profession]:",https://framerusercontent.com/images/rr4elawQ64yn9Xzq1q1eD0a0.png,https://www.linkedin.com/posts/dina-town-authority-marketing_copywriting-linkedin-sales-activity-6947171695057092608-cuUL?utm_source=share&utm_medium=member_desktop
A New Perspective,"Hook, Text, Image, Conflict, Stop Doing This, Do This Instead","Stop asking, ""What if I [don’t do/fail at X]?""

Start asking, ""What if I [take /succeed at specific action]?""

[Key takeaway].",https://framerusercontent.com/images/uINUvxW0iIMi0jCxj61B91M6joU.png,https://www.linkedin.com/posts/justinwelsh_fear-destroys-millions-of-dreams-ive-activity-7242137268696551424-rDq8?utm_source=share&utm_medium=member_desktop
I Don’t Want X. I Want Y,"Hook, Text, Image, Conflict, Rejecting Common Desire, Alternative Desire ","I don’t want [common desirable outcome].

I want [skillset/attribute] so that I’m [alternative desirable outcome].
",https://framerusercontent.com/images/bGK7G77A00bLJsjRkxQWajPciQk.png,https://www.linkedin.com/posts/codiesanchez_i-dont-want-to-be-liked-i-want-to-be-so-activity-7263913912792748032-m8VR?utm_source=share&utm_medium=member_desktop
My Unique Method,"Hook, Text, image, Conflict, How I Achieve X, Unique Method, Avoiding Common Business Mistake","How I [achieve desirable outcome/hit milestone] every month.

(Without having to [rely on a time-consuming or ineffective method])
",https://framerusercontent.com/images/vq4nmD442oF1xz6Hzvz1sJwxr4.png,https://www.linkedin.com/posts/morganjingramamp_how-i-booked-20-meetings-a-month-as-a-sales-activity-7244090047245750272-D0Ar?utm_source=share&utm_medium=member_desktop
Adapt Your Approach,"Hook, Text, Image, Conflict, Be This Not That","Be [adjective] on the [inputs/ results/group].

And [contrasting adjective] on the [inputs/results/group].",https://framerusercontent.com/images/6dSneeIHitduVdBEP7AYf2BAO0.png,https://www.linkedin.com/posts/dannelken_two-years-ago-i-set-a-goal-to-interview-activity-7221240706978201600-mtWT?utm_source=share&utm_medium=member_desktop
Reflect On This…,"Hook, Text, Image, Conflict, Reality Check, Something To Think About","If [group/work] isn’t [serving your best interests],

Why are you [relevant thought-provoking question]? Let's be honest.",https://framerusercontent.com/images/5t637hMANbmAghZdpEgvg2pes.png,https://www.linkedin.com/posts/shulinlee_if-they-arent-doing-anything-to-keep-you-activity-7255174952973189120-kTLY?utm_source=share&utm_medium=member_desktop
The Real Reason,"Hook, Text, Image, Conflict, Overrated vs Underrrated","Overrated – [conventional or superficial approach].

Underrated – [approach that delivers deeper or long-term value].",https://framerusercontent.com/images/MSaz8AVyWK5Yzb2UuCSu1qt3nZ8.png,https://www.linkedin.com/posts/danfounder_at-the-time-of-writing-this-im-44-while-activity-7259060383015960578-aRyY?utm_source=share&utm_medium=member_desktop
Stop That. Do More Of This…,"Hook, Text, image, Conflict, Less Of That, More Of This","Stop [approach A], start [approach B].

My last [relevant example] led to [specific positive result].",https://framerusercontent.com/images/8MOwlHgZSVPsAf70lghtGUcG8ZY.png,https://www.linkedin.com/posts/trevordesign_i-got-4-leads-from-my-last-story-post-its-activity-7235271301316104192-vaik?utm_source=share&utm_medium=member_desktop
My Influential Teacher,"Hook, Text, Credibility, Success Secrets Revealed","I have a [friend/colleague/acquaintance] who [impressive accomplishment].

I once asked them [key insight/secret/principle/question]...

Here’s what they said:",https://framerusercontent.com/images/ofhmNe57gNqjrRiidm0YUKK4g.png,https://www.linkedin.com/posts/codiesanchez_i-have-a-friend-who-is-40-and-damn-near-a-activity-7118218842673160192-mx_s?utm_source=share&utm_medium=member_desktop
What My Wins Taught Me,"Hook, Text, Image, Credibility, X Brutal Truths For Success ",X [content types] I learned during [specific time] (these helped me [list relevant accomplishments]):,https://framerusercontent.com/images/0rN8RsRvNbLXjgEF5e83wgFe2c.png,https://www.linkedin.com/posts/dickiebush_9-brutal-truths-i-learned-in-my-20s-that-activity-7213518897486983169-V_yX?utm_source=share&utm_medium=member_desktop
That Was A Warm Up,"Hook, Text, Image, Credibility, Success Story, How I Achieved X","It took [long timeframe] to achieve [initial milestone].

But today I [achieved larger result] in just [shorter timeframe].

Here’s how:",https://framerusercontent.com/images/WakanPtTSzR9GApG2Cd37GAy98.png,https://www.linkedin.com/posts/jodie-cook_i-took-5-years-to-get-2-million-article-views-activity-7227667550900297728-QUnc?utm_source=share&utm_medium=member_desktop
A Vital Cog,"Hook, Text, Video, Credibility, Impressive Growth, Inside Insights","[Company/project] went from [starting point] to [impressive result] in just [timeframe].

How do I know?

Because I was [directly involved/in a contributing role].",https://framerusercontent.com/images/rrwCiNtd55PRMAT34DK6cHJoFk.png,https://www.linkedin.com/posts/dbusta_the-premium-ghostwriting-academy-went-from-activity-7247968846660218881-tteM?utm_source=share&utm_medium=member_desktop
"Well, This Worked Out","Hook, Text, Video, Credibility, Impressive Results, Impressive Impact","I [achieved an impressive result] in [timeframe], and it led to [specific measurable outcome].",https://framerusercontent.com/images/13C5XXtDWXc5MgfHwqN2LbN6s2A.png,https://www.linkedin.com/posts/jakezward_i-grew-a-linkedin-company-page-to-2m-views-activity-7246488203862454274-z-nH?utm_source=share&utm_medium=member_desktop
I Put In The Work (So You Don’t Have To),"Hook, Text, Image, Credibility, Lessons Learnt, Insights Shared, I've Done The Work So You Don't Have To",It took me [long effort/timeframe] and [specific actions or investments] to learn these X [content types]:,https://framerusercontent.com/images/RYvCDhh8QvWHSahaYGLSlQb86Hs.png,https://www.linkedin.com/posts/taylin-john-simmonds_11-lessons-activity-6999004803527831552-rBrO?utm_source=share&utm_medium=member_desktop
Transformational Learnings,"Hook, Text, Image, Credibility, From 0 To Hero, Growth Journey, Highs And Lows, X Specific Growth Strategies","From [starting point/challenge] to [impressive accomplishment], my journey has been [brief description].

I’ve experienced [briefly expand on journey].

Here are X [content types] that [unlocked desirable outcome] (that can help you too):
",https://framerusercontent.com/images/LhD3ylxbsJqkb0Zjvuu2xE8Nxuw.png,https://www.linkedin.com/posts/dmartell_from-battling-obesity-at-265-pounds-to-running-activity-7134507438254276608-rysm?utm_source=share&utm_medium=member_desktop
The Checklist (I Wish I Had),"Hook, Text, Promise, How To, Effective Approach, Checklist I Wish I Had",How top 1% [professionals/individuals in a field] [achieve/approach outcome or challenge] – a checklist I wish I had [timeframe] ago (don't miss [refer to list item – eg. “no. 7”]):,https://framerusercontent.com/images/kRYn299dCh28fCE6cS5dVkYruw.png,https://www.linkedin.com/posts/dalianaliu_how-top-1-data-scientists-communicate-with-activity-7257044333990715392-2E-k?utm_source=share&utm_medium=member_desktop
The Same Applies,"Hook, Text, Promise, Best Advice, Transferable Tips","[Advice or quote] from [notable figure]: 

“[Quote].” 

This applies to [other domain/topic] as well.",https://framerusercontent.com/images/tasILrK6iHNcDduNsOUElaveb4.png,https://www.linkedin.com/posts/liz-willits_writing-advice-from-stephen-king-i-believe-activity-7069682215122558976-6lZP?utm_source=share&utm_medium=member_desktop
Another Perspective,"Hook, Text, Image, Promise, Simple Approach, Effective Outcome","A dead simple way to think about [topic/concept]: 

(so you can [achieve benefit/result]).
",https://framerusercontent.com/images/VYhzDqizebTvPpS1U3IUPOxxVus.png,https://www.linkedin.com/posts/terrence-porter_a-dead-simple-way-to-think-about-accounting-activity-7262086595086897153-GfXQ?utm_source=share&utm_medium=member_desktop
Here’s A Story About…,"Hook, Text, Promise, Relatable Story","Here's a story about [challenge/relatable concept]. 

[Specific relatable moment].",https://framerusercontent.com/images/gSaeYRPpKt4lE9ZYAJdyOxygf8.png,https://www.linkedin.com/posts/amandanat_heres-a-story-about-imposter-syndrome-activity-7254144445900599297-9XVw?utm_source=share&utm_medium=member_desktop
Everyone Should X (Here’s How),"Hook, Text, Image, Promise, Everyone Should Do This, Few Follow Proven Approach, Tested Blueprint","Everyone should [aspirational goal or achievement]. 

Unfortunately, most [profession/group] don’t know how… 

Here's my proven method to go from [starting point] → [goal state]:",https://framerusercontent.com/images/sZU7XTENTFtZkHMmeaBH3KRQD30.png,https://www.linkedin.com/posts/modestmitkus_everyone-should-own-digital-assets-that-earns-activity-7105901350512705536-nfE9?utm_source=share&utm_medium=member_desktop
X Is No Different Than Y (Other Than…),"Hook, Text, Promise, Emerging Trend, Similarities With Established Concept","[Emerging concept/trend] is no different than [established concept/trend], except for X [notable differences/pain points]:",https://framerusercontent.com/images/yqaymnss7tCY6V3W6NhSzVCiJ8.png,https://www.linkedin.com/posts/meri-nova_aiengineering-activity-7266872636146610176-JF95?utm_source=share&utm_medium=member_desktop
These [Resources] Hold The Key,"Hook, Text, Promise, Resources You Need, Breakdown Of Resources","These X [resources/insights] will make you [aspirational adjective] than [most/high percentage] of [profession/group]... 

(it starts by [key mindset/concept/method]).",https://framerusercontent.com/images/zT5p3i01O8EfFQnPth2yAdT6cTE.png,https://www.linkedin.com/posts/anthonyvicino_these-3-books-will-make-you-smarter-than-activity-7265008433894948864-xwHM?utm_source=share&utm_medium=member_desktop
"A Big Task, Simplified","Hook, Text, Promise, How I, Large Task Simplified, Specific Timeframe",How I completed [a complex task] in [short timeframe] using [innovative tool or method]:,https://framerusercontent.com/images/M88MlvAlZVHpGxQ3yjBRs0Etk.png,https://www.linkedin.com/posts/valeriya-pilkevich_bulk-competitor-analysis-with-ai-activity-7274687375102861313-Gt5D?utm_source=share&utm_medium=member_desktop
The Reasons Behind Your Struggle,"Hook, Text, Promise, Image, Common Struggle, Reasons Why, How To ","Struggling to [achieve specific goal]? You’re not alone. 

If your [specific area] isn’t [progressing] as fast as you’d like, here are X reasons why (and what to do about it):",https://framerusercontent.com/images/1kHQzTw96lU4XgfuvF9eTCnnz0.png,https://www.linkedin.com/posts/ali-abdaal_struggling-to-grow-your-youtube-channel-activity-7268262449886150656-TZZI?utm_source=share&utm_medium=member_desktop
Breaking A Myth With Numbers,"Hook, Text, Promise, Popular Opinion, Challenging Popular Opinion, Interesting Fact, Curiosity Loop","“Only the [most successful people/groups] see [real results] in [area].” 

Here’s the math on how [a smaller, more relatable group] can [unlock desirable outcome]:",https://framerusercontent.com/images/V1VauLaq1Lg6xzCgoLLqnwtaQ3w.png,https://www.linkedin.com/posts/paddy-galloway-459b8913a_only-the-biggest-creators-make-any-money-activity-7256665574582169600-ydfZ?utm_source=share&utm_medium=member_desktop
An Underrated Strategy,"Hook, Text, Promise, Image, Underrated Strategy, Specific Growth, Best Advice","One of the most underrated [field/craft] strategies to [achieve specific result]. 

My advice to anyone trying to [pursue goal]: 

➞ Focus on [specific action] instead of [traditional method]. 

Here’s why:",https://framerusercontent.com/images/JZiYtay2o4wKw3ZIeNpO8JbI1eA.png,https://www.linkedin.com/posts/anna-york-seo_one-of-the-most-underrated-seo-strategies-activity-7284905847510499328-zJaC?utm_source=share&utm_medium=member_desktop
"A Massive Resource, Condensed","Hook, Text, Promise, Image, How To, Large Task, Minimal Timeframe","How to [achieve goal] (according to [credible source]): 

[lengthy resource or insight] in [short time frame]:",https://framerusercontent.com/images/WGSkkScLaKzS9H4tajKSjyeValY.png,https://www.linkedin.com/posts/rob-hoffman-ceo_how-to-rank-in-google-in-2025-activity-7286020560239624192-Q20f?utm_source=share&utm_medium=member_desktop
The Few Things That Really Matter,"Hook, Text, Promise, Specific Method, Effective Outcome","When I’m [making an important decision], I focus on X things. This helped [us/me] to [achieve key result]:",https://framerusercontent.com/images/dyeWmKvjIOcyIXMuJ7OZl9uHt4.png,https://www.linkedin.com/posts/leilahormozi_when-im-hiring-i-look-at-four-things-this-activity-7259617717610061825-e8xI?utm_source=share&utm_medium=member_desktop
Why Most (Actually) Fail - And How Not To,"Hook, Text, Promise, Image, Poor Outcome, Specific Reasons, Challenging Common Assumptions, Effective Framework ","The reasons [majority] of [specific group] fail isn’t because of: 
[list common reasons]. 

It’s because [unexpected reason for failure]. 

Here’s a [method/framework] to [overcome specific challenge] (“[Method/ Framework Name]”):",https://framerusercontent.com/images/PZAn1OOANpkvztHmGWOplxF8lC8.png,https://www.linkedin.com/posts/tombilyeu_the-physics-of-progress-according-to-tom-activity-7285294902316277760-taEL?utm_source=share&utm_medium=member_desktop
What I Wish I Knew Then,"Hook, Text, Image, Viral List, X Hard Truths, I Wish I Knew",X [harsh truths/lessons] I wish I knew before I [took action]:,https://framerusercontent.com/images/Bzl86nuwSmYPv1E4COQaoexFIsE.png,https://www.linkedin.com/posts/justinwelsh_40-hard-truths-i-wish-i-knew-before-starting-activity-7266794705412132865-FzZN?utm_source=share&utm_medium=member_desktop
Golden Resources For Beginners,"Hook, Text, Image, Viral List, X Valuable Resources, I Wish I Had","X [resources] that [contributed to a transformation I went through].

If I were starting from zero, I would [read/watch/listen to] these first:",https://framerusercontent.com/images/VspbgJCa9xB1UxNT27xMsGLhE.png,https://www.linkedin.com/posts/meri-nova_machinelearning-activity-7234212446914166785-J8vw?utm_source=share&utm_medium=member_desktop
Mistakes To Avoid,"Hook, Text, Viral List, X Mistakes I've Collected, Mistakes To Avoid","[Skill/Field/Concept] is [thought-provoking reframe]. 

Over [time period], I’ve made almost every mistake you can imagine.

Those mistakes have taught me a lot about what pitfalls to avoid.

Here are X mistakes [that lead to negative consequence] (and how to 
avoid them):",https://framerusercontent.com/images/nVKFe8Al4m82MxI8A5N00gqhLug.png,https://www.linkedin.com/posts/nathan-baugh_10-tricks-from-psychology-to-make-you-a-better-activity-7097575209334935552-6Ys6?utm_source=share&utm_medium=member_desktop
Learning From Winners,"Hook, Text, Image, Viral List, Impressive Growth Of Business, X Growth Strategies, Learning Fom Winners","[Entity/Individual/Group] achieved [specific success] in just [timeframe].

How? They used these X [strategies/rules/principles]:",https://framerusercontent.com/images/CPm5AJL45wTEPkZvqfYDH4p7U6g.png,https://www.linkedin.com/posts/pierre-herubel-540b3949_duolingo-went-from-70-to-369-million-in-activity-7073931944001982464-vQ38?utm_source=share&utm_medium=member_desktop
Here’s What I Wouldn’t Do,"Hook, Text, Viral List, Impressive Achievement, X Things Not To Do","[Time period] ago, I [achieved impressive outcome] in [short timeframe].

Here are X [things/ways/tactics] to avoid when [taking action]:",https://framerusercontent.com/images/ibjgt2HoDGyoo4cKeprDaTPR90E.png,https://www.linkedin.com/posts/dina-town-authority-marketing_linkedin-marketing-branding-activity-6948258898432675842-5qkf?utm_source=share&utm_medium=member_desktop
A Roadmap For The Doubtful,"Hook, Text, Image, Viral List, X Simple Steps, Achieveing Goals, First Time Win",X [steps/habits/ways] to [achieve goal] in [short timeframe] (even if you [common objection audience has]):,https://framerusercontent.com/images/yrqjt6UzJB55o2TcPiYspfcRHA.png,https://www.linkedin.com/posts/nicolascole_5-dead-simple-steps-to-write-a-60000-word-activity-7175467966975619072-ylXZ?utm_source=share&utm_medium=member_desktop
This Is Great (Start Here)…,"Hook, Text, Viral List, Most Useful Tool, How To Use Tool Properly","[Tool/Platform/Skill] is [bold reframe that personifies object].

But most [people/audience] don’t know where to start.

Here are X [resources/principles] to [help you achieve goal]:",https://framerusercontent.com/images/9603giaDmIBa27BrjVac9eHVsq4.png,https://www.linkedin.com/posts/rob-hoffman-ceo_youtube-is-the-worlds-best-business-mentor-activity-7002269773988306944-cdUy?utm_source=share&utm_medium=member_desktop
The No. 1 [Resource] For [Audience],"Hook, Text, Identity, Image, AI Tool, Valuable Resource, Specific Audience, Solopreneurs, Time Urgency","I found the best [resource/solution/strategy] for [target audience].

(If you want to [achieve desirable outcome], read this)",https://framerusercontent.com/images/AmlOIoDdsjBXawt3Xy9zOs23CJM.png,https://www.linkedin.com/posts/laraacostar_i-found-the-best-ai-tool-for-new-solopreneurs-activity-7270779020034674689-Efb1?utm_source=share&utm_medium=member_desktop
A Pitfall-Laden Landscape,"Hook, Text, Identity, Image, Neagtive Scenario, Specific Audience, Common Industry Mistakes","The worst [specific context/scenario] for [target audience]:

[Common mistake 1]
[Common mistake 2]
[Common mistake 3]
[Common mistake 4]

In other words: [summarise issue].",https://framerusercontent.com/images/CuHiXc2HYDwzUBQkBVIRyEbddM.png,https://www.linkedin.com/posts/pierre-herubel-540b3949_the-worst-marketing-scenario-for-b2b-founders-activity-7155106819844009984-9kfs?utm_source=share&utm_medium=member_desktop
An Impossible Situation,"Hook, Text, Identity, Image, Specific Audience, Common Workplace Dilema, ","For most [profession/group], [achieving specific goal] feels like [summarise difficult situation]:

[Relatable roadblock group faces], but how do you [achieve goal] unless [you meet contradictory requirement]?",https://framerusercontent.com/images/YHaUN37cWWNkMepKURlBzvQi0hU.png,https://www.linkedin.com/posts/saralattanzio_for-most-marketers-landing-a-head-of-activity-7266749060357705728-RFne?utm_source=share&utm_medium=member_desktop
Here’s What You’re Not Seeing,"Hook, Text, Identity, Image, Specific Profession, Common Dilema, Stop Doing This, Ineffective Approach","When [target audience] says they want to [common desire] because:

[Reason 1]
[Reason 2]
[Reason 3]

Then I know they’re [facing unseen challenge].",https://framerusercontent.com/images/kxvfVTlu193thZx7T3BvLYCbNw.png,https://www.linkedin.com/posts/nicolascole_when-a-writer-says-they-want-to-switch-niches-activity-7265364284170289152-C62Z?utm_source=share&utm_medium=member_desktop
The Hardest Part About…,"Hook, Text, Identity, Image, Vulnerable, Self-perception, Specific Skillset, Freelance Journey",One of the [negative adjective] things about [taking specific action] is wondering whether you [common uncertainty].,https://framerusercontent.com/images/OxCsXXcn1F1C8TNTW43ky9HGiQ.png,https://www.linkedin.com/posts/alexcattoni_one-of-the-scariest-things-about-starting-activity-7198733493244166144-KZCR?utm_source=share&utm_medium=member_desktop
Unusual Lessons,"Hook, Text, Identity, X Things Learnt, Specific Skill, Suprising",X [curiosity-evoking adjective] lessons I’ve learned after [time period] as a [role/profession]:,https://framerusercontent.com/images/SbX6hixgnf1ZWAq1taVBUXZwJA.png,https://www.linkedin.com/posts/cambridgecopywriter_copywriting-copywriter-marketing-activity-6997873145336471552-PZle?utm_source=share&utm_medium=member_desktop
 Why Most Fall Short,"Hook, Text, Identity, Image, Suprising Statistic, Specific Audience, Company Role, Key Growth Insights","Only [small percentage] of [profession/group] achieve [desired result].

And it’s not because they [lack traits/fail to take necessary action].",https://framerusercontent.com/images/TzDVAx7KsSI0MgmENesWvyX8GIM.png,https://www.linkedin.com/posts/eric-partaker-5560b92_only-2-of-ceos-reach-their-full-potential-activity-7276174567419637760-8_-D?utm_source=share&utm_medium=member_desktop
It’s Not What It Seems,"Hook, Text, Building Authority, Image, LinkedIn, Business Growth Journey, Numbers ","In [timeframe], I [achieved impressive result].

But I [describe underwhelming outcome].

Here’s why:",https://framerusercontent.com/images/dDQY19EE8c1qWQarV0kJBLIP58k.png,https://www.linkedin.com/posts/ethan-golding_in-my-first-12-months-on-linkedin-i-reached-activity-7280213705307353088-ZU_Q?utm_source=share&utm_medium=member_desktop
Fast Answers From Deep Experience,"Hook, Text, Building Authority, Video, Business Growthe Strategy, Specific Timeframe","In [timeframe], I’ve [made a significant effort or financial investment in specific activity].

In [short timeframe], I’m going to share the [process/examples]
that work.",https://framerusercontent.com/images/so1ErjJzuZvWi1tTgvaRavTE2sM.png,https://www.linkedin.com/posts/gerri-cortes_in-5-years-ive-run-over-1000-email-flows-activity-7242540471409938433-fx1t?utm_source=share&utm_medium=member_desktop
Insights From A Master,"Hook, Text, Building Authority, Image, Borrowing Credibility, OnlineTeacher, Growing A Specific Skill, X Ideas To Help You Grow Specific Skill","[Individual’s Name] taught me more about [topic] than anyone else.

X [ideas/lessons] that’ll [unlock benefit for specific audience]:",https://framerusercontent.com/images/IgeZIy6kxcXqp6OyA1fVHgJoA.png,https://www.linkedin.com/posts/nathan-baugh_david-perell-taught-me-more-about-writing-activity-7104838128137371648-UmpO?utm_source=share&utm_medium=member_desktop
"Big Data, Clear Answers","Hook, Text, Building Authority, Graph Image, Carrying Out Research, Specific Social Media, Beating The Algorithm, Initial Results ","[I/We] analysed [large dataset] to decode [specific question/tool/process]:

[Related question 1]
[Related question 2]
[Related question 3]

X [takeaways/insights/findings] from [my/our] initial results:",https://framerusercontent.com/images/1ucNi9SwSDMqGOmQwl4gqMnv3Ng.png,https://www.linkedin.com/posts/paddy-galloway-459b8913a_we-studied-33-billion-views-to-decode-the-activity-7053697597592498176-PAkf?utm_source=share&utm_medium=member_desktop
From Losing To Winning,"Hook, Text, Building Authority, Image, Specific Timeframe Ago, Business Launch, Business Losses, Current Business Growth, X Reasons For Business Growth","[Timeframe] ago, I started [venture/activity].

In the first [timeframe], I [faced significant challenge].

Now I [achieved impressive result]. Here’s how:",https://framerusercontent.com/images/nF7JuqVBLNhEHpd8r3dCKHd7xkQ.png,https://www.linkedin.com/posts/mattlakajev_2-years-ago-i-launched-my-business-in-the-activity-7273939840134471682-kIvk?utm_source=share&utm_medium=member_desktop
How It Started vs How It’s Going,"Hook, Text, Building Authority, Image, Specific Timeframe Ago, Specific Business Role, Specific Personal Interest, Starting New Venture, Growing Personal Interest, Growing Business, Present Day Success ","[Timeframe] ago, I was just [describe starting position and/or initial interest].

I decided to [take pursue initiative/take action] to [unlock benefit/achieve goal].

Today, [result/stat that shows growth or achievement].",https://framerusercontent.com/images/4yNAj0SMgj9Pp4awIwKRSPCwZkc.png,https://www.linkedin.com/posts/katebour_4-years-ago-i-was-just-a-marketing-consultant-activity-7176915240503119873-E0gq?utm_source=share&utm_medium=member_desktop
"Million-Dollar Method, Explained","Hook, Text, Building Authority, Image, Borrowing Credibility, Impressive Revenue, X Step Process","[Well-known figure]'s [specific work/output] [generated impressive result].

Here’s their X-step [process/method]:
",https://framerusercontent.com/images/tyLDAOWTkpnV8ULC9MWH6qT2Y.png,https://www.linkedin.com/posts/dickiebush_gary-halberts-sales-letters-generated-over-activity-6945007179565305856-avGM?utm_source=share&utm_medium=member_desktop
This Is BIG!,"Hook, Text, Victory, Image, Big News, Huge Investment, New Business Co-owner","HUGE NEWS: [EXCITING ANNOUNCEMENT].

I just [significant achievement], [description of the achievement].",https://framerusercontent.com/images/2miyL8NEn4iXTaKtlxwgMkQ5T4.png,https://www.linkedin.com/posts/codiesanchez_major-news-this-is-the-biggest-investment-activity-7211714934647205888-YkEt?utm_source=share&utm_medium=member_desktop
I Almost Pulled The Plug,"Hook, Text, Victory, Image, Specific Timeframe Ago, Near Business Closure, Business Sale, Remaining Offer","[Time period] ago, I almost [made a big, irreversible decision].

Today, I [reached milestone] – in [short timeframe].
([reference relevant offer/personal remark])",https://framerusercontent.com/images/r41884YSJMmv4XltnIAsO82NW3Y.png,https://www.linkedin.com/posts/stef-curcio_1-year-ago-i-almost-closed-my-business-activity-7270708568033492994-2Q36?utm_source=share&utm_medium=member_desktop
Today Is A Big Day,"Hook, Text, Victory, Image, Proud Career Moment, After Specific Timespan, Scaling Company Growth","Today is one of the [adjective] moments of my [specific pursuit].

After [time period] of [effortful endeavours]...
After countless [specific challenges]...
After seeing [impressive outcomes]...

I’ve finally [achieved milestone/created something].",https://framerusercontent.com/images/DzjvYNHx4yK6xNR8OU4pNzK1A.png,https://www.linkedin.com/posts/dmartell_today-marks-one-of-the-proudest-moments-of-activity-7257101086438666241-ZrAQ?utm_source=share&utm_medium=member_desktop
A Storied Comeback,"Hook, Text, Victory, Specific Date, Company Facing Debt, Company Comeback ","In [year], [entity/individual] faced [challenging situation].

By [later year], they achieved [extraordinary turnaround/result]. How did they do it?

[Core concept or principle].",https://framerusercontent.com/images/Gqj1AIF7q6xlJmo1Wc98yXYC3Y.png,https://www.linkedin.com/posts/olenabomko_linkedin-marketing-activity-7148666941304479746-PfU6?utm_source=share&utm_medium=member_desktop
Progressive Milestones,"Hook, Text, Victory, Image, Initial Struggle, Incremental Growth, Secret To Success","My first [time period] doing [activity], I [achieved very little/nothing].

The next [time period] ⇢ [small milestone].
The next [time period] ⇢ [bigger milestone].
By the end of [larger timeframe] ⇢ [massive milestone].

But I could’ve done it quicker.

Here are the X mistakes I’d avoid (if starting over from scratch):",https://framerusercontent.com/images/IiFR0hKhOhhYi4evevIpBHQsN4.png,https://www.linkedin.com/posts/taylin-john-simmonds_how-i-attract-leads-without-a-huge-audience-activity-7224043529470144514-Uc2X?utm_source=share&utm_medium=member_desktop
A Business Evolution,"Hook, Text, Victory, Image, Work Accomplished, Origin Story, Growth Story, Building Credibility","We’ve/I’ve [completed impressive no. of tasks or achievements] in the past [timeframe].

What started as [humble beginning or simple idea] has evolved into [high-impact result or premium solution], trusted by [client no. /some of the biggest names in the field].",https://framerusercontent.com/images/Y0pTR7nORV2DlsayTOntm7Q2Xhw.png,https://www.linkedin.com/posts/diwasbb_weve-edited-over-10000-shorts-in-the-last-activity-7282247477859090432-HKrI?utm_source=share&utm_medium=member_desktop
A Unique Strategy,"Hook, Text, Victory, Image, Supporting Effective Outcome, How To, Specific Timeframe","I helped [individual/group] [achieve impressive result].

How?

By mastering [specific strategy or method].",https://framerusercontent.com/images/1HtIMFXQftGNxfikTxxut9tFNxw.png,https://www.linkedin.com/posts/shoaibahmed21_i-helped-alex-sell-out-94-of-his-coaching-activity-7272149015209590785-iFNQ?utm_source=share&utm_medium=member_desktop
My Uncommon Beliefs,"Hook, Text, Contrarain View, Unconventional Personal Beliefs","A few things I believe that most [target audience/group] don’t:

[Unconventional belief]",https://framerusercontent.com/images/XMiJRKXrzaYGaoPWwAm118E98B4.png,https://www.linkedin.com/posts/jayclouse_a-few-things-i-believe-that-most-dont-activity-7255183991136309248-1OXC?utm_source=share&utm_medium=member_desktop
Harmful Advice,"Hook, Text, Contrarain View, Bad Advice To Avoid, Better Advice","In a world full of [negative adjective] [craft/industry] advice, this piece of advice with HARM YOU the most (steer clear of it):

“[Common misstep posed as a quote]”",https://framerusercontent.com/images/zjnSughBxjbBu7LarPihA1yfh4.png,https://www.linkedin.com/posts/tasleemahmadfateh_in-a-sea-of-bad-linkedin-advice-this-one-activity-7279383208180248576-s-et?utm_source=share&utm_medium=member_desktop
Questioning The Norm,"Hook, Text, Contrarain View, Controversial Business Practice","“[Common but controversial business practice posed as a quote by uninformed culprit]”

Wait a minute.

You would never [example of unfair practice occurring in another domain where it’s not the norm].",https://framerusercontent.com/images/iNaJg34Yyb0XQBu7i8o4DU2i18.png,https://www.linkedin.com/posts/grace-r-hall_selfemployment-b2b-freelancing-activity-6886605366226944000-GKrm?utm_source=share&utm_medium=member_desktop
An Unseen Factor Of Success,"Hook, Text, Image, Contrarain View, Challenging Common Assumptions, Alternative Viewpoint","The most successful [group/entities] aren’t the [positive characteristic 1] ones.

They aren’t the [positive characteristic 2] ones either.
They aren’t the ones with [perceived edge 1].
They aren’t even the ones with [perceived edge 2].

No, it’s something else.",https://framerusercontent.com/images/yAvK26sTa6oFEn7EJPlbgQzhs.png,https://www.linkedin.com/posts/alex-m-h-smith_the-most-powerful-founders-arent-the-best-looking-activity-7283108103326171137-TEFp?utm_source=share&utm_medium=member_desktop
Exposing Red Flags,"Hook, Text, Image, Contrarain View, Questionable Trends","X [things/trends/ideas] you should think twice about:

[Common example people trust too easily]

[Short explanation]",https://framerusercontent.com/images/jieAPfmzIwkrB8jXDCEhXRC9Lg.png,https://www.linkedin.com/posts/saralattanzio_socialmedia-linkedin-personalbranding-activity-7075101518206492672-b6Tc?utm_source=share&utm_medium=member_desktop
A Bad First Impression,"Hook, Text, Contrarain View, Specific Time Period, Specific Professional Practice, Negative Reaction","[Time period] ago, I met [unnamed person/group].

At once, they told me:

[First thing they emphasised]

[Second thing they emphasised]

At once, I was [negative reaction].",https://framerusercontent.com/images/bjQqZyAFJtgjwdbPoco0oUrhy5E.png,https://www.linkedin.com/posts/noahkagan_a-few-months-ago-i-met-another-startup-founder-activity-6344333470948487168-4cCQ?utm_source=share&utm_medium=member_desktop
Time For A Rethink,"Hook, Text, Image, Contrarain View, Redefining Common Idea, Lifechanging Idea, Challenging Assumptions, Mindset Shift","We need to rethink [concept/practice]...

This simple shift transformed how I [pursue goal/task] (and may help you too):

[Explain where people often go wrong].",https://framerusercontent.com/images/N2OyCn0Kbopyj73K2APjMtK0U.png,https://www.linkedin.com/posts/sahilbloom_we-need-to-redefine-the-path-to-happiness-activity-7287091608469012480-GMer?utm_source=share&utm_medium=member_desktop